ID,y_hat
21256,0.11764705882352941
14589,0.058823529411764705
19988,0.17647058823529413
21287,0.7058823529411765
12418,0.11764705882352941
6697,0.0
28143,0.7254901960784313
27404,0.09803921568627451
10924,0.058823529411764705
4267,0.45098039215686275
1152,0.2549019607843137
873,0.13725490196078433
10340,0.13725490196078433
6379,0.09803921568627451
9125,0.4117647058823529
17588,0.19607843137254902
4668,0.0196078431372549
21741,0.058823529411764705
4632,0.13725490196078433
29767,0.19607843137254902
20297,0.058823529411764705
22317,0.058823529411764705
27019,0.0392156862745098
17165,0.3333333333333333
15814,0.17647058823529413
7190,0.13725490196078433
28379,0.4117647058823529
5795,0.0784313725490196
14913,0.1568627450980392
23956,0.058823529411764705
2292,0.21568627450980393
16761,0.13725490196078433
26063,0.29411764705882354
17823,0.0392156862745098
19199,0.11764705882352941
24342,0.058823529411764705
19341,0.6666666666666666
2829,0.5098039215686274
28054,0.0392156862745098
13176,0.27450980392156865
17241,0.7843137254901961
18148,0.11764705882352941
19602,0.0784313725490196
23197,0.0784313725490196
1114,0.0392156862745098
24407,0.11764705882352941
21052,0.13725490196078433
28166,0.21568627450980393
12104,0.19607843137254902
2757,0.7647058823529411
17493,0.6862745098039216
4779,0.11764705882352941
21893,0.0196078431372549
3136,0.3333333333333333
15531,0.3333333333333333
5968,0.11764705882352941
17149,0.8235294117647058
28021,0.17647058823529413
19743,0.43137254901960786
7550,0.17647058823529413
29839,0.21568627450980393
12100,0.27450980392156865
462,0.35294117647058826
11303,0.21568627450980393
24701,0.7450980392156863
6454,0.19607843137254902
24176,0.17647058823529413
13868,0.6274509803921569
7274,0.1568627450980392
11384,0.19607843137254902
18517,0.3333333333333333
28702,0.11764705882352941
29908,0.0784313725490196
9026,0.29411764705882354
21620,0.13725490196078433
10713,0.5882352941176471
6921,0.058823529411764705
9550,0.0392156862745098
26006,0.5686274509803921
19652,0.11764705882352941
9628,0.0196078431372549
6735,0.0196078431372549
7221,0.13725490196078433
18379,0.35294117647058826
2834,0.3137254901960784
6010,0.11764705882352941
1934,0.19607843137254902
11944,0.5686274509803921
19237,0.27450980392156865
12497,0.13725490196078433
18784,0.2549019607843137
4897,0.5294117647058824
18854,0.17647058823529413
13688,0.5098039215686274
1045,0.058823529411764705
14027,0.7058823529411765
15794,0.6274509803921569
17740,0.0784313725490196
29363,0.0784313725490196
23499,0.5686274509803921
15257,0.11764705882352941
4373,0.19607843137254902
9207,0.058823529411764705
2998,0.058823529411764705
29331,0.23529411764705882
27055,0.21568627450980393
17902,0.13725490196078433
3558,0.5882352941176471
20324,0.0392156862745098
24378,0.1568627450980392
20733,0.0392156862745098
571,0.11764705882352941
11420,0.43137254901960786
16211,0.29411764705882354
15343,0.19607843137254902
19056,0.3333333333333333
22021,0.35294117647058826
16002,0.2549019607843137
15625,0.49019607843137253
17324,0.43137254901960786
7688,0.0784313725490196
16003,0.35294117647058826
16692,0.29411764705882354
17558,0.23529411764705882
21663,0.4117647058823529
9825,0.0392156862745098
24368,0.19607843137254902
22006,0.23529411764705882
6123,0.13725490196078433
10550,0.19607843137254902
25631,0.21568627450980393
21814,0.0392156862745098
17635,0.13725490196078433
17301,0.0784313725490196
17690,0.17647058823529413
21906,0.4117647058823529
29368,0.1568627450980392
15841,0.39215686274509803
22998,0.1568627450980392
5267,0.3333333333333333
6233,0.49019607843137253
27267,0.7058823529411765
29748,0.7647058823529411
18880,0.29411764705882354
7517,0.3137254901960784
20559,0.3333333333333333
14451,0.0392156862745098
28869,0.35294117647058826
3268,0.39215686274509803
28739,0.5490196078431373
15688,0.11764705882352941
2977,0.09803921568627451
19991,0.29411764705882354
3945,0.13725490196078433
7761,0.47058823529411764
29421,0.11764705882352941
19468,0.09803921568627451
1060,0.43137254901960786
472,0.49019607843137253
2486,0.19607843137254902
489,0.09803921568627451
22666,0.09803921568627451
29812,0.5686274509803921
22534,0.09803921568627451
607,0.35294117647058826
22132,0.09803921568627451
8568,0.0392156862745098
4686,0.19607843137254902
23590,0.09803921568627451
22414,0.1568627450980392
20307,0.13725490196078433
22098,0.7647058823529411
15561,0.5098039215686274
7154,0.0196078431372549
19230,0.09803921568627451
4478,0.058823529411764705
10273,0.13725490196078433
21192,0.13725490196078433
23989,0.17647058823529413
19520,0.0784313725490196
22435,0.11764705882352941
5730,0.2549019607843137
11300,0.19607843137254902
23756,0.19607843137254902
19618,0.1568627450980392
25616,0.6470588235294118
3132,0.5490196078431373
24097,0.13725490196078433
8100,0.43137254901960786
23636,0.17647058823529413
29140,0.0784313725490196
4593,0.0196078431372549
13381,0.23529411764705882
12936,0.17647058823529413
19715,0.0196078431372549
12869,0.21568627450980393
7925,0.17647058823529413
12146,0.1568627450980392
13374,0.058823529411764705
21841,0.0392156862745098
26119,0.0196078431372549
3188,0.7254901960784313
28128,0.058823529411764705
17571,0.0784313725490196
1357,0.6666666666666666
22177,0.0784313725490196
9802,0.5882352941176471
3706,0.0196078431372549
28465,0.058823529411764705
16729,0.17647058823529413
10873,0.0784313725490196
16968,0.11764705882352941
25755,0.0392156862745098
8965,0.058823529411764705
29988,0.23529411764705882
21450,0.3137254901960784
18759,0.1568627450980392
23108,0.09803921568627451
10435,0.3333333333333333
338,0.7843137254901961
26009,0.09803921568627451
27022,0.21568627450980393
13268,0.09803921568627451
22850,0.803921568627451
19885,0.0392156862745098
27284,0.058823529411764705
27398,0.19607843137254902
1337,0.11764705882352941
23154,0.17647058823529413
7725,0.09803921568627451
19670,0.27450980392156865
18280,0.0392156862745098
7876,0.3137254901960784
12609,0.21568627450980393
16905,0.23529411764705882
6374,0.1568627450980392
10330,0.0392156862745098
8209,0.17647058823529413
5029,0.17647058823529413
6655,0.058823529411764705
8659,0.0784313725490196
8446,0.17647058823529413
14815,0.27450980392156865
11128,0.27450980392156865
28928,0.0392156862745098
19239,0.11764705882352941
1241,0.5490196078431373
8960,0.21568627450980393
9109,0.11764705882352941
547,0.19607843137254902
13626,0.1568627450980392
3585,0.0196078431372549
1132,0.11764705882352941
22738,0.11764705882352941
17852,0.5490196078431373
4549,0.1568627450980392
3030,0.058823529411764705
27473,0.09803921568627451
7668,0.11764705882352941
7349,0.17647058823529413
20103,0.2549019607843137
18406,0.058823529411764705
6979,0.6274509803921569
23930,0.0196078431372549
20942,0.0196078431372549
6122,0.11764705882352941
12633,0.0784313725490196
24468,0.7843137254901961
23403,0.058823529411764705
9924,0.1568627450980392
21751,0.0392156862745098
10820,0.11764705882352941
6568,0.0784313725490196
28382,0.21568627450980393
7790,0.17647058823529413
23330,0.17647058823529413
17560,0.0784313725490196
22100,0.11764705882352941
9686,0.5882352941176471
5307,0.13725490196078433
16738,0.09803921568627451
20990,0.058823529411764705
7475,0.0
15486,0.0784313725490196
9725,0.23529411764705882
17086,0.27450980392156865
3357,0.21568627450980393
8068,0.23529411764705882
1713,0.09803921568627451
97,0.17647058823529413
12788,0.0196078431372549
8219,0.09803921568627451
26296,0.5882352941176471
20775,0.3333333333333333
23500,0.11764705882352941
2300,0.1568627450980392
15201,0.0784313725490196
15714,0.13725490196078433
21485,0.47058823529411764
29940,0.17647058823529413
856,0.23529411764705882
3715,0.29411764705882354
19775,0.23529411764705882
23390,0.09803921568627451
23625,0.19607843137254902
22683,0.27450980392156865
23235,0.058823529411764705
9640,0.3137254901960784
27072,0.058823529411764705
6780,0.2549019607843137
8949,0.17647058823529413
26178,0.17647058823529413
24650,0.058823529411764705
23277,0.0196078431372549
15753,0.2549019607843137
8234,0.1568627450980392
27982,0.058823529411764705
22521,0.3137254901960784
20333,0.0784313725490196
17566,0.21568627450980393
5150,0.13725490196078433
12862,0.3137254901960784
10927,0.11764705882352941
19046,0.2549019607843137
3973,0.11764705882352941
23124,0.0196078431372549
24886,0.0784313725490196
19901,0.21568627450980393
8326,0.43137254901960786
20336,0.21568627450980393
9836,0.2549019607843137
20441,0.09803921568627451
23287,0.0196078431372549
386,0.0784313725490196
29325,0.0784313725490196
23147,0.0784313725490196
14140,0.058823529411764705
17552,0.0392156862745098
22551,0.0392156862745098
16064,0.2549019607843137
19357,0.7647058823529411
20634,0.7450980392156863
1838,0.0
3977,0.0784313725490196
2712,0.19607843137254902
12440,0.0196078431372549
15191,0.7254901960784313
22096,0.17647058823529413
24930,0.13725490196078433
16661,0.5882352941176471
22002,0.09803921568627451
28661,0.1568627450980392
19657,0.09803921568627451
10122,0.058823529411764705
4767,0.6078431372549019
7893,0.0196078431372549
1446,0.6274509803921569
12698,0.19607843137254902
3582,0.09803921568627451
2457,0.0784313725490196
13234,0.6470588235294118
9474,0.09803921568627451
28277,0.3333333333333333
7203,0.058823529411764705
7606,0.09803921568627451
13464,0.09803921568627451
19051,0.21568627450980393
15960,0.09803921568627451
4831,0.058823529411764705
13496,0.5294117647058824
8104,0.17647058823529413
28746,0.058823529411764705
27100,0.7843137254901961
3625,0.0
16683,0.37254901960784315
7270,0.47058823529411764
13956,0.09803921568627451
12004,0.5490196078431373
23111,0.3137254901960784
13775,0.11764705882352941
10802,0.09803921568627451
5182,0.1568627450980392
6040,0.0392156862745098
12719,0.19607843137254902
13270,0.1568627450980392
8557,0.0196078431372549
2229,0.13725490196078433
18902,0.0392156862745098
3143,0.803921568627451
14819,0.29411764705882354
604,0.39215686274509803
16645,0.1568627450980392
17730,0.09803921568627451
7032,0.21568627450980393
17454,0.21568627450980393
7726,0.0392156862745098
6218,0.5686274509803921
10203,0.17647058823529413
8788,0.21568627450980393
21265,0.0
28559,0.8235294117647058
25450,0.29411764705882354
11995,0.21568627450980393
22593,0.1568627450980392
23517,0.058823529411764705
8048,0.0784313725490196
16056,0.2549019607843137
3888,0.13725490196078433
25490,0.5882352941176471
13290,0.0
21730,0.058823529411764705
23169,0.35294117647058826
5623,0.09803921568627451
20802,0.0196078431372549
21279,0.2549019607843137
17505,0.09803921568627451
374,0.6078431372549019
8634,0.5882352941176471
13190,0.6274509803921569
16596,0.0
24772,0.7450980392156863
23905,0.5490196078431373
2205,0.0196078431372549
21343,0.7450980392156863
13164,0.1568627450980392
13001,0.058823529411764705
4691,0.3137254901960784
26300,0.09803921568627451
14267,0.6078431372549019
23941,0.13725490196078433
268,0.19607843137254902
20548,0.0196078431372549
13094,0.17647058823529413
10192,0.8235294117647058
18702,0.23529411764705882
18075,0.35294117647058826
4909,0.17647058823529413
6615,0.19607843137254902
18421,0.19607843137254902
4278,0.7843137254901961
11811,0.0784313725490196
17756,0.27450980392156865
27953,0.11764705882352941
2592,0.3137254901960784
3852,0.17647058823529413
3599,0.0784313725490196
25873,0.11764705882352941
13440,0.21568627450980393
39,0.27450980392156865
11489,0.0
16362,0.058823529411764705
17643,0.27450980392156865
11532,0.19607843137254902
22637,0.09803921568627451
5530,0.09803921568627451
16585,0.47058823529411764
10419,0.11764705882352941
1248,0.19607843137254902
25700,0.09803921568627451
22609,0.19607843137254902
15247,0.0784313725490196
4202,0.09803921568627451
14195,0.27450980392156865
10248,0.0784313725490196
13822,0.0392156862745098
13134,0.5490196078431373
12156,0.11764705882352941
16647,0.0784313725490196
7753,0.0392156862745098
20605,0.17647058823529413
7872,0.0196078431372549
19497,0.3333333333333333
29639,0.09803921568627451
19586,0.35294117647058826
3023,0.17647058823529413
14196,0.17647058823529413
26191,0.23529411764705882
5404,0.0196078431372549
10961,0.21568627450980393
25615,0.13725490196078433
23427,0.0784313725490196
2268,0.13725490196078433
17424,0.0784313725490196
3083,0.7058823529411765
18074,0.09803921568627451
9996,0.0784313725490196
23931,0.1568627450980392
14709,0.27450980392156865
125,0.17647058823529413
11624,0.13725490196078433
26995,0.19607843137254902
9260,0.1568627450980392
27234,0.0196078431372549
4610,0.29411764705882354
10014,0.21568627450980393
8650,0.5490196078431373
3475,0.0784313725490196
14808,0.29411764705882354
6007,0.21568627450980393
25630,0.2549019607843137
11599,0.7843137254901961
22348,0.0
13120,0.0392156862745098
2771,0.3137254901960784
11027,0.1568627450980392
13292,0.09803921568627451
15010,0.21568627450980393
18651,0.09803921568627451
2912,0.11764705882352941
27833,0.09803921568627451
423,0.3333333333333333
8684,0.09803921568627451
1715,0.1568627450980392
2748,0.0784313725490196
25844,0.0392156862745098
3547,0.5882352941176471
8090,0.0784313725490196
7247,0.09803921568627451
24631,0.058823529411764705
16649,0.13725490196078433
8366,0.5686274509803921
851,0.21568627450980393
20318,0.6274509803921569
28832,0.2549019607843137
9325,0.11764705882352941
28355,0.0196078431372549
23063,0.11764705882352941
2820,0.27450980392156865
14073,0.6862745098039216
24123,0.0392156862745098
18827,0.21568627450980393
6314,0.0392156862745098
19585,0.5882352941176471
4961,0.058823529411764705
2812,0.1568627450980392
9182,0.0196078431372549
12553,0.058823529411764705
27367,0.17647058823529413
29337,0.0392156862745098
20529,0.1568627450980392
16882,0.7450980392156863
24947,0.11764705882352941
25465,0.0784313725490196
16721,0.1568627450980392
4604,0.11764705882352941
4649,0.8627450980392157
23216,0.0784313725490196
24995,0.7843137254901961
11858,0.5098039215686274
14906,0.17647058823529413
7737,0.27450980392156865
3082,0.19607843137254902
3805,0.49019607843137253
26540,0.8431372549019608
21209,0.13725490196078433
1563,0.29411764705882354
6966,0.09803921568627451
22130,0.09803921568627451
6535,0.21568627450980393
3434,0.0392156862745098
12445,0.11764705882352941
10000,0.13725490196078433
841,0.11764705882352941
731,0.0784313725490196
13273,0.23529411764705882
23060,0.0196078431372549
7729,0.3137254901960784
22600,0.13725490196078433
16545,0.09803921568627451
25587,0.47058823529411764
2991,0.23529411764705882
27929,0.11764705882352941
29317,0.2549019607843137
21156,0.17647058823529413
15270,0.5686274509803921
6441,0.21568627450980393
19561,0.13725490196078433
2495,0.0784313725490196
13271,0.19607843137254902
2889,0.7647058823529411
8583,0.13725490196078433
29273,0.35294117647058826
11226,0.09803921568627451
13970,0.1568627450980392
16342,0.6274509803921569
23728,0.21568627450980393
23212,0.0392156862745098
21005,0.0784313725490196
26003,0.6666666666666666
19411,0.058823529411764705
18365,0.058823529411764705
3692,0.0784313725490196
16399,0.2549019607843137
17755,0.058823529411764705
2260,0.058823529411764705
27303,0.0784313725490196
8011,0.6470588235294118
27178,0.0392156862745098
26289,0.5098039215686274
13528,0.0392156862745098
23626,0.0784313725490196
24974,0.0784313725490196
5127,0.6274509803921569
10823,0.19607843137254902
3663,0.21568627450980393
2963,0.13725490196078433
25413,0.7254901960784313
7605,0.7647058823529411
12987,0.0392156862745098
12994,0.19607843137254902
10886,0.11764705882352941
9753,0.058823529411764705
27406,0.2549019607843137
11146,0.13725490196078433
17343,0.0392156862745098
23218,0.19607843137254902
4370,0.6862745098039216
22756,0.803921568627451
9946,0.29411764705882354
25459,0.5882352941176471
14597,0.17647058823529413
22970,0.0784313725490196
19052,0.17647058823529413
20045,0.11764705882352941
773,0.0784313725490196
16634,0.13725490196078433
417,0.13725490196078433
1816,0.17647058823529413
23812,0.17647058823529413
28510,0.19607843137254902
2101,0.19607843137254902
24345,0.7254901960784313
19232,0.09803921568627451
14439,0.13725490196078433
18999,0.21568627450980393
18685,0.09803921568627451
8020,0.23529411764705882
16816,0.6274509803921569
18284,0.23529411764705882
12652,0.2549019607843137
2302,0.13725490196078433
11100,0.5490196078431373
4203,0.17647058823529413
8824,0.19607843137254902
11529,0.058823529411764705
8268,0.11764705882352941
6794,0.7058823529411765
7535,0.6274509803921569
8369,0.5686274509803921
16450,0.1568627450980392
20112,0.09803921568627451
19091,0.17647058823529413
20392,0.17647058823529413
18864,0.2549019607843137
18500,0.09803921568627451
6182,0.09803921568627451
17789,0.3137254901960784
10022,0.17647058823529413
12670,0.27450980392156865
195,0.37254901960784315
29264,0.11764705882352941
14325,0.13725490196078433
27774,0.7450980392156863
18501,0.13725490196078433
4010,0.0196078431372549
3128,0.1568627450980392
19725,0.0196078431372549
28895,0.803921568627451
12195,0.3333333333333333
8499,0.19607843137254902
5259,0.6666666666666666
11509,0.11764705882352941
11435,0.5882352941176471
12305,0.13725490196078433
19568,0.21568627450980393
13765,0.09803921568627451
27862,0.1568627450980392
7695,0.0784313725490196
6567,0.09803921568627451
17928,0.0784313725490196
21059,0.27450980392156865
4821,0.0784313725490196
20593,0.13725490196078433
11229,0.058823529411764705
26231,0.19607843137254902
4036,0.0784313725490196
21953,0.09803921568627451
7277,0.29411764705882354
20554,0.17647058823529413
20276,0.0784313725490196
3517,0.39215686274509803
13475,0.09803921568627451
20077,0.11764705882352941
10921,0.35294117647058826
12839,0.7647058823529411
19073,0.4117647058823529
3844,0.058823529411764705
18039,0.11764705882352941
9682,0.21568627450980393
17400,0.13725490196078433
21312,0.17647058823529413
14416,0.17647058823529413
459,0.5490196078431373
5832,0.11764705882352941
11596,0.11764705882352941
8283,0.09803921568627451
20012,0.058823529411764705
17724,0.1568627450980392
25035,0.09803921568627451
900,0.27450980392156865
2926,0.3137254901960784
15676,0.5686274509803921
6381,0.37254901960784315
19922,0.3137254901960784
14652,0.0784313725490196
24415,0.058823529411764705
19332,0.09803921568627451
18668,0.09803921568627451
7656,0.3333333333333333
7094,0.1568627450980392
9356,0.11764705882352941
27900,0.0196078431372549
3107,0.09803921568627451
25201,0.17647058823529413
12999,0.0392156862745098
20044,0.11764705882352941
24327,0.13725490196078433
29863,0.058823529411764705
7056,0.0196078431372549
11598,0.21568627450980393
17878,0.17647058823529413
19866,0.23529411764705882
12168,0.3137254901960784
19153,0.4117647058823529
2794,0.23529411764705882
22537,0.23529411764705882
21053,0.0784313725490196
23591,0.09803921568627451
26508,0.0784313725490196
23604,0.3137254901960784
17618,0.19607843137254902
19574,0.21568627450980393
19084,0.0784313725490196
5245,0.0196078431372549
19235,0.0784313725490196
23355,0.058823529411764705
6539,0.0784313725490196
10600,0.058823529411764705
17209,0.058823529411764705
1011,0.19607843137254902
8487,0.0392156862745098
22396,0.1568627450980392
20976,0.4117647058823529
17800,0.0784313725490196
29133,0.13725490196078433
11638,0.0196078431372549
25368,0.0196078431372549
21631,0.3333333333333333
28588,0.5882352941176471
21770,0.45098039215686275
24430,0.0196078431372549
14820,0.23529411764705882
25036,0.0784313725490196
24333,0.17647058823529413
7089,0.5686274509803921
23407,0.35294117647058826
11051,0.11764705882352941
8049,0.058823529411764705
19606,0.09803921568627451
10099,0.13725490196078433
14224,0.21568627450980393
12035,0.5882352941176471
8977,0.0196078431372549
15910,0.1568627450980392
14055,0.0784313725490196
23957,0.17647058823529413
2422,0.27450980392156865
17598,0.058823529411764705
28982,0.19607843137254902
18291,0.7647058823529411
29968,0.0196078431372549
16962,0.1568627450980392
25186,0.1568627450980392
16948,0.17647058823529413
1163,0.11764705882352941
18180,0.19607843137254902
25412,0.11764705882352941
24706,0.058823529411764705
6944,0.0784313725490196
16687,0.21568627450980393
26387,0.23529411764705882
10932,0.0784313725490196
18310,0.23529411764705882
14316,0.43137254901960786
1133,0.058823529411764705
24792,0.0784313725490196
13284,0.058823529411764705
19322,0.0784313725490196
20278,0.19607843137254902
24089,0.0784313725490196
4138,0.09803921568627451
14168,0.0784313725490196
26517,0.0392156862745098
14291,0.13725490196078433
10244,0.3137254901960784
13794,0.35294117647058826
22745,0.5490196078431373
2971,0.3333333333333333
6073,0.0392156862745098
26697,0.21568627450980393
7740,0.0392156862745098
5983,0.3333333333333333
23598,0.0392156862745098
16754,0.0
3324,0.1568627450980392
7846,0.7254901960784313
3074,0.09803921568627451
10038,0.058823529411764705
1827,0.6862745098039216
5228,0.0196078431372549
22867,0.09803921568627451
1939,0.058823529411764705
27453,0.27450980392156865
15710,0.6274509803921569
25388,0.17647058823529413
25131,0.09803921568627451
26725,0.11764705882352941
3743,0.13725490196078433
23965,0.7058823529411765
23243,0.13725490196078433
16156,0.1568627450980392
11905,0.7254901960784313
6886,0.09803921568627451
11065,0.45098039215686275
15431,0.3333333333333333
13436,0.7058823529411765
9798,0.0392156862745098
19164,0.09803921568627451
8500,0.13725490196078433
11893,0.6862745098039216
15725,0.058823529411764705
27017,0.1568627450980392
715,0.0784313725490196
29299,0.09803921568627451
3873,0.21568627450980393
7885,0.3333333333333333
18163,0.0784313725490196
16185,0.0784313725490196
26739,0.17647058823529413
29244,0.09803921568627451
5350,0.6078431372549019
24233,0.09803921568627451
4155,0.0392156862745098
10669,0.17647058823529413
24913,0.0784313725490196
7491,0.17647058823529413
21700,0.4117647058823529
14744,0.7843137254901961
211,0.17647058823529413
11882,0.3333333333333333
4569,0.09803921568627451
9334,0.0784313725490196
23349,0.4117647058823529
8952,0.0196078431372549
22253,0.09803921568627451
13192,0.058823529411764705
19619,0.0196078431372549
25360,0.19607843137254902
10687,0.1568627450980392
9157,0.17647058823529413
1734,0.11764705882352941
22990,0.13725490196078433
19986,0.058823529411764705
25628,0.29411764705882354
19714,0.0196078431372549
11654,0.21568627450980393
14143,0.058823529411764705
24219,0.21568627450980393
25633,0.11764705882352941
27212,0.13725490196078433
25597,0.0784313725490196
6959,0.0392156862745098
27140,0.13725490196078433
29226,0.09803921568627451
19699,0.39215686274509803
3356,0.17647058823529413
14984,0.09803921568627451
7829,0.4117647058823529
8618,0.21568627450980393
14677,0.11764705882352941
4306,0.11764705882352941
23477,0.11764705882352941
11136,0.2549019607843137
5905,0.0392156862745098
10797,0.21568627450980393
13280,0.19607843137254902
9849,0.5686274509803921
7797,0.5882352941176471
15697,0.43137254901960786
1721,0.13725490196078433
1332,0.09803921568627451
22237,0.7647058823529411
28057,0.13725490196078433
18335,0.0784313725490196
2152,0.058823529411764705
23741,0.3333333333333333
27524,0.47058823529411764
14377,0.8431372549019608
14393,0.7450980392156863
18362,0.13725490196078433
27329,0.0784313725490196
11622,0.058823529411764705
2947,0.11764705882352941
4412,0.0784313725490196
1540,0.1568627450980392
6869,0.7254901960784313
14591,0.5294117647058824
27599,0.058823529411764705
1685,0.1568627450980392
4733,0.4117647058823529
24387,0.5686274509803921
3646,0.23529411764705882
19211,0.09803921568627451
926,0.4117647058823529
23543,0.19607843137254902
10958,0.17647058823529413
9058,0.0392156862745098
7957,0.21568627450980393
4086,0.21568627450980393
12745,0.6078431372549019
21232,0.3333333333333333
10363,0.0784313725490196
17307,0.19607843137254902
26232,0.5098039215686274
19719,0.23529411764705882
16212,0.27450980392156865
11365,0.3137254901960784
12528,0.0392156862745098
14453,0.45098039215686275
8646,0.09803921568627451
24162,0.058823529411764705
27018,0.0392156862745098
27211,0.13725490196078433
18563,0.0784313725490196
7802,0.09803921568627451
25667,0.058823529411764705
7906,0.23529411764705882
15767,0.29411764705882354
17983,0.0196078431372549
26482,0.13725490196078433
6807,0.13725490196078433
7705,0.17647058823529413
2864,0.17647058823529413
3935,0.0392156862745098
25664,0.8235294117647058
13511,0.21568627450980393
21673,0.7254901960784313
989,0.058823529411764705
15712,0.0196078431372549
10819,0.2549019607843137
3714,0.0
21126,0.09803921568627451
27539,0.1568627450980392
27435,0.17647058823529413
15079,0.35294117647058826
11295,0.6470588235294118
8895,0.37254901960784315
16131,0.13725490196078433
19897,0.17647058823529413
27994,0.3137254901960784
24259,0.09803921568627451
2354,0.6274509803921569
1449,0.0392156862745098
20916,0.0392156862745098
12919,0.3137254901960784
620,0.058823529411764705
919,0.09803921568627451
22158,0.13725490196078433
4143,0.058823529411764705
29929,0.09803921568627451
12127,0.058823529411764705
24660,0.47058823529411764
866,0.1568627450980392
8798,0.11764705882352941
21786,0.45098039215686275
22108,0.2549019607843137
21412,0.2549019607843137
12235,0.0
12729,0.0196078431372549
11494,0.058823529411764705
10051,0.7254901960784313
24166,0.0
274,0.0392156862745098
18313,0.1568627450980392
14407,0.49019607843137253
18492,0.11764705882352941
24979,0.1568627450980392
1873,0.19607843137254902
2891,0.0392156862745098
22767,0.09803921568627451
783,0.17647058823529413
18070,0.11764705882352941
13908,0.0392156862745098
19664,0.0392156862745098
17836,0.6470588235294118
28788,0.13725490196078433
7305,0.2549019607843137
11681,0.7647058823529411
262,0.0784313725490196
18043,0.0196078431372549
21738,0.09803921568627451
13832,0.09803921568627451
5186,0.17647058823529413
25839,0.0392156862745098
418,0.1568627450980392
26109,0.23529411764705882
26613,0.23529411764705882
11443,0.0392156862745098
5631,0.29411764705882354
9490,0.23529411764705882
5891,0.27450980392156865
9337,0.058823529411764705
1565,0.13725490196078433
11789,0.09803921568627451
8081,0.19607843137254902
22547,0.6470588235294118
27161,0.21568627450980393
5092,0.0
8582,0.43137254901960786
16541,0.0784313725490196
20609,0.09803921568627451
29025,0.6274509803921569
9417,0.6862745098039216
28622,0.1568627450980392
6309,0.11764705882352941
7912,0.13725490196078433
14742,0.09803921568627451
15509,0.13725490196078433
5848,0.19607843137254902
2039,0.0392156862745098
1735,0.7058823529411765
11527,0.17647058823529413
14254,0.2549019607843137
9089,0.1568627450980392
17717,0.1568627450980392
23843,0.5294117647058824
580,0.27450980392156865
13021,0.3333333333333333
29024,0.1568627450980392
7182,0.17647058823529413
14465,0.058823529411764705
17145,0.23529411764705882
3626,0.27450980392156865
10716,0.23529411764705882
19740,0.17647058823529413
5543,0.2549019607843137
20132,0.23529411764705882
5610,0.09803921568627451
9343,0.17647058823529413
12175,0.11764705882352941
1398,0.2549019607843137
11251,0.13725490196078433
9584,0.39215686274509803
15287,0.6274509803921569
8471,0.17647058823529413
6348,0.8823529411764706
9136,0.1568627450980392
17109,0.19607843137254902
26456,0.19607843137254902
9034,0.19607843137254902
1841,0.058823529411764705
14645,0.11764705882352941
3496,0.11764705882352941
4182,0.19607843137254902
12795,0.1568627450980392
1301,0.7254901960784313
29879,0.1568627450980392
1081,0.1568627450980392
3645,0.17647058823529413
7363,0.13725490196078433
7549,0.3137254901960784
29544,0.13725490196078433
3024,0.0392156862745098
1763,0.13725490196078433
22618,0.09803921568627451
28303,0.19607843137254902
23583,0.1568627450980392
24618,0.7843137254901961
11662,0.09803921568627451
11924,0.19607843137254902
10399,0.7254901960784313
175,0.1568627450980392
7738,0.09803921568627451
19692,0.09803921568627451
17287,0.19607843137254902
27835,0.7058823529411765
17490,0.23529411764705882
21885,0.058823529411764705
1790,0.0784313725490196
22350,0.0392156862745098
20846,0.19607843137254902
6985,0.0784313725490196
28241,0.3333333333333333
3917,0.1568627450980392
13170,0.3333333333333333
11724,0.17647058823529413
28908,0.19607843137254902
3808,0.1568627450980392
5447,0.058823529411764705
4823,0.0392156862745098
1967,0.0392156862745098
10914,0.058823529411764705
22302,0.23529411764705882
7698,0.19607843137254902
13144,0.13725490196078433
27174,0.19607843137254902
16146,0.1568627450980392
26424,0.5490196078431373
20225,0.21568627450980393
8700,0.6274509803921569
21304,0.09803921568627451
20319,0.13725490196078433
20146,0.09803921568627451
105,0.0
1998,0.3333333333333333
2132,0.21568627450980393
16012,0.5098039215686274
9684,0.0392156862745098
25584,0.17647058823529413
5582,0.4117647058823529
5221,0.6078431372549019
25634,0.058823529411764705
19433,0.21568627450980393
7648,0.19607843137254902
26080,0.7058823529411765
12437,0.2549019607843137
29927,0.058823529411764705
6721,0.19607843137254902
22953,0.058823529411764705
1358,0.35294117647058826
10007,0.11764705882352941
13918,0.2549019607843137
19906,0.3333333333333333
25617,0.11764705882352941
16977,0.09803921568627451
19608,0.11764705882352941
21776,0.0196078431372549
26392,0.19607843137254902
26417,0.058823529411764705
1194,0.0784313725490196
25257,0.21568627450980393
22412,0.0784313725490196
19323,0.11764705882352941
617,0.19607843137254902
22940,0.0392156862745098
29016,0.17647058823529413
1112,0.058823529411764705
4365,0.6470588235294118
3330,0.09803921568627451
22979,0.19607843137254902
13091,0.19607843137254902
6712,0.29411764705882354
6644,0.09803921568627451
15092,0.058823529411764705
23084,0.803921568627451
15653,0.6274509803921569
13793,0.17647058823529413
11198,0.5294117647058824
18108,0.19607843137254902
27825,0.13725490196078433
9035,0.13725490196078433
8313,0.1568627450980392
6215,0.0196078431372549
17483,0.0784313725490196
28468,0.23529411764705882
25956,0.13725490196078433
21954,0.7058823529411765
261,0.19607843137254902
25654,0.17647058823529413
24416,0.058823529411764705
4868,0.09803921568627451
9903,0.09803921568627451
20140,0.058823529411764705
8282,0.43137254901960786
24320,0.11764705882352941
24873,0.09803921568627451
16033,0.11764705882352941
1395,0.17647058823529413
23865,0.5294117647058824
9545,0.11764705882352941
28094,0.3137254901960784
27812,0.09803921568627451
4481,0.0784313725490196
4575,0.3137254901960784
5461,0.058823529411764705
17982,0.11764705882352941
11162,0.3333333333333333
28669,0.058823529411764705
13266,0.4117647058823529
28474,0.21568627450980393
16085,0.6274509803921569
2301,0.09803921568627451
16719,0.09803921568627451
25840,0.29411764705882354
28626,0.0784313725490196
13980,0.058823529411764705
11090,0.803921568627451
1121,0.1568627450980392
13836,0.0784313725490196
17321,0.1568627450980392
20740,0.058823529411764705
20391,0.09803921568627451
8422,0.21568627450980393
1099,0.17647058823529413
14477,0.13725490196078433
20389,0.37254901960784315
612,0.21568627450980393
24064,0.13725490196078433
9283,0.23529411764705882
27308,0.0
23504,0.13725490196078433
3512,0.3333333333333333
3887,0.0196078431372549
10404,0.23529411764705882
15420,0.058823529411764705
8625,0.17647058823529413
23599,0.2549019607843137
15258,0.27450980392156865
3246,0.37254901960784315
14642,0.058823529411764705
13368,0.21568627450980393
2910,0.0784313725490196
12765,0.0784313725490196
11608,0.29411764705882354
19450,0.11764705882352941
9297,0.21568627450980393
27823,0.09803921568627451
6750,0.13725490196078433
2279,0.0784313725490196
6739,0.11764705882352941
20835,0.058823529411764705
26104,0.23529411764705882
10310,0.13725490196078433
5260,0.17647058823529413
25445,0.19607843137254902
27001,0.0784313725490196
25341,0.23529411764705882
29477,0.1568627450980392
7432,0.1568627450980392
2191,0.7058823529411765
10368,0.0
23447,0.13725490196078433
27909,0.0392156862745098
17058,0.27450980392156865
10709,0.13725490196078433
13405,0.5490196078431373
26957,0.2549019607843137
25209,0.0196078431372549
5575,0.1568627450980392
9196,0.17647058823529413
6114,0.0196078431372549
3984,0.058823529411764705
12461,0.13725490196078433
16117,0.0784313725490196
737,0.0196078431372549
3732,0.0392156862745098
28740,0.2549019607843137
21073,0.13725490196078433
963,0.4117647058823529
12564,0.0392156862745098
15827,0.13725490196078433
7777,0.11764705882352941
21174,0.3137254901960784
29635,0.1568627450980392
4133,0.49019607843137253
21385,0.19607843137254902
11474,0.11764705882352941
14963,0.11764705882352941
21796,0.21568627450980393
1383,0.2549019607843137
9512,0.0196078431372549
22032,0.17647058823529413
12202,0.09803921568627451
20882,0.0196078431372549
12878,0.19607843137254902
7006,0.3137254901960784
23438,0.11764705882352941
4800,0.0784313725490196
14433,0.09803921568627451
11762,0.7843137254901961
20250,0.1568627450980392
29509,0.11764705882352941
7749,0.1568627450980392
4212,0.2549019607843137
23234,0.803921568627451
25545,0.09803921568627451
2185,0.17647058823529413
12761,0.13725490196078433
22236,0.49019607843137253
10097,0.21568627450980393
23614,0.7647058823529411
16021,0.13725490196078433
14455,0.058823529411764705
16506,0.23529411764705882
18675,0.0392156862745098
16901,0.058823529411764705
13885,0.0784313725490196
22081,0.09803921568627451
7360,0.19607843137254902
18201,0.11764705882352941
9263,0.13725490196078433
24476,0.1568627450980392
20919,0.3333333333333333
400,0.17647058823529413
18610,0.7843137254901961
15776,0.7647058823529411
24567,0.0392156862745098
28717,0.0784313725490196
19562,0.1568627450980392
23451,0.19607843137254902
14118,0.09803921568627451
19805,0.17647058823529413
7699,0.11764705882352941
7717,0.37254901960784315
20592,0.1568627450980392
8475,0.11764705882352941
10878,0.6862745098039216
9411,0.2549019607843137
15123,0.1568627450980392
19666,0.0784313725490196
19089,0.5490196078431373
19328,0.49019607843137253
10863,0.21568627450980393
7887,0.0
10877,0.7058823529411765
25211,0.2549019607843137
27144,0.3137254901960784
964,0.13725490196078433
7077,0.0784313725490196
436,0.19607843137254902
6647,0.27450980392156865
5313,0.803921568627451
29590,0.19607843137254902
8727,0.5098039215686274
3532,0.09803921568627451
25959,0.17647058823529413
88,0.0392156862745098
3527,0.7450980392156863
26511,0.21568627450980393
13448,0.09803921568627451
20096,0.29411764705882354
12480,0.2549019607843137
22557,0.2549019607843137
982,0.0
5521,0.058823529411764705
25724,0.6470588235294118
22906,0.3137254901960784
18167,0.1568627450980392
14388,0.1568627450980392
1387,0.23529411764705882
25156,0.17647058823529413
13562,0.37254901960784315
26601,0.13725490196078433
26372,0.7254901960784313
2538,0.09803921568627451
6211,0.7647058823529411
12607,0.4117647058823529
6357,0.21568627450980393
4192,0.09803921568627451
9757,0.11764705882352941
13478,0.0784313725490196
8168,0.0784313725490196
15269,0.8235294117647058
29427,0.19607843137254902
22603,0.11764705882352941
28134,0.17647058823529413
24814,0.058823529411764705
1480,0.39215686274509803
8055,0.19607843137254902
28169,0.11764705882352941
8254,0.1568627450980392
24636,0.09803921568627451
12953,0.6666666666666666
6516,0.8235294117647058
24789,0.19607843137254902
8994,0.21568627450980393
15623,0.0392156862745098
23193,0.6666666666666666
9099,0.09803921568627451
28260,0.2549019607843137
23400,0.17647058823529413
27554,0.0784313725490196
13237,0.19607843137254902
2086,0.3333333333333333
6011,0.23529411764705882
10848,0.09803921568627451
7774,0.0196078431372549
9108,0.09803921568627451
102,0.0392156862745098
9016,0.21568627450980393
10344,0.19607843137254902
54,0.0784313725490196
7995,0.7254901960784313
9161,0.1568627450980392
4583,0.19607843137254902
15929,0.49019607843137253
4546,0.0392156862745098
24863,0.13725490196078433
8386,0.21568627450980393
992,0.058823529411764705
21491,0.0784313725490196
2537,0.0784313725490196
10306,0.27450980392156865
29975,0.23529411764705882
15618,0.058823529411764705
19218,0.13725490196078433
26126,0.0392156862745098
7007,0.1568627450980392
20980,0.09803921568627451
3239,0.2549019607843137
28189,0.0392156862745098
81,0.09803921568627451
18206,0.21568627450980393
23462,0.09803921568627451
15808,0.09803921568627451
29508,0.09803921568627451
19749,0.19607843137254902
3293,0.35294117647058826
23846,0.0
22091,0.09803921568627451
748,0.47058823529411764
21918,0.1568627450980392
6603,0.1568627450980392
22444,0.0784313725490196
2433,0.058823529411764705
9652,0.11764705882352941
9655,0.09803921568627451
7028,0.35294117647058826
12108,0.0392156862745098
28410,0.35294117647058826
10589,0.0784313725490196
16375,0.35294117647058826
26628,0.1568627450980392
2406,0.21568627450980393
9878,0.11764705882352941
6510,0.1568627450980392
4968,0.35294117647058826
11740,0.058823529411764705
27650,0.5490196078431373
14894,0.0784313725490196
7639,0.27450980392156865
29919,0.058823529411764705
15610,0.0196078431372549
18318,0.058823529411764705
15459,0.13725490196078433
8255,0.17647058823529413
27876,0.09803921568627451
7843,0.6274509803921569
7442,0.2549019607843137
11490,0.09803921568627451
23025,0.5882352941176471
15521,0.21568627450980393
3337,0.5686274509803921
20456,0.09803921568627451
4470,0.5686274509803921
9703,0.21568627450980393
21928,0.09803921568627451
23487,0.3137254901960784
21505,0.1568627450980392
20715,0.7450980392156863
12170,0.19607843137254902
11556,0.0196078431372549
5492,0.27450980392156865
16227,0.11764705882352941
11975,0.2549019607843137
6027,0.0
19439,0.13725490196078433
10960,0.13725490196078433
24237,0.1568627450980392
17987,0.0392156862745098
14777,0.21568627450980393
5935,0.11764705882352941
27254,0.19607843137254902
29316,0.17647058823529413
24955,0.27450980392156865
19752,0.23529411764705882
18808,0.0392156862745098
10897,0.803921568627451
11562,0.09803921568627451
9317,0.3137254901960784
25863,0.0392156862745098
15674,0.7058823529411765
24872,0.13725490196078433
7211,0.1568627450980392
1642,0.21568627450980393
18562,0.19607843137254902
22099,0.47058823529411764
16222,0.1568627450980392
22160,0.0196078431372549
9335,0.27450980392156865
16295,0.6078431372549019
18799,0.058823529411764705
29999,0.13725490196078433
9695,0.35294117647058826
25656,0.11764705882352941
12524,0.09803921568627451
2041,0.0784313725490196
18801,0.29411764705882354
27732,0.19607843137254902
3884,0.23529411764705882
29216,0.0784313725490196
11682,0.19607843137254902
9175,0.19607843137254902
26640,0.058823529411764705
6500,0.0784313725490196
24840,0.13725490196078433
6498,0.17647058823529413
8169,0.09803921568627451
5767,0.11764705882352941
20868,0.09803921568627451
9452,0.11764705882352941
22882,0.11764705882352941
23923,0.19607843137254902
18476,0.11764705882352941
15090,0.1568627450980392
18845,0.0196078431372549
12051,0.11764705882352941
20300,0.5882352941176471
14461,0.058823529411764705
4773,0.058823529411764705
24137,0.0392156862745098
29347,0.5294117647058824
12282,0.1568627450980392
26734,0.29411764705882354
15363,0.09803921568627451
23120,0.3137254901960784
17192,0.13725490196078433
24388,0.3137254901960784
2374,0.11764705882352941
2593,0.21568627450980393
8497,0.3333333333333333
13839,0.11764705882352941
26233,0.13725490196078433
12545,0.17647058823529413
13542,0.17647058823529413
24850,0.17647058823529413
6394,0.0392156862745098
800,0.17647058823529413
18783,0.803921568627451
5593,0.6078431372549019
3242,0.13725490196078433
20190,0.21568627450980393
1917,0.8627450980392157
11669,0.17647058823529413
5387,0.17647058823529413
3580,0.1568627450980392
3262,0.13725490196078433
10048,0.8235294117647058
5211,0.09803921568627451
20879,0.6470588235294118
6250,0.0
25663,0.058823529411764705
12628,0.1568627450980392
15756,0.19607843137254902
7838,0.17647058823529413
12683,0.21568627450980393
1009,0.3137254901960784
11739,0.0196078431372549
5734,0.058823529411764705
8379,0.7254901960784313
21098,0.27450980392156865
13430,0.17647058823529413
9789,0.0196078431372549
28093,0.21568627450980393
11573,0.0392156862745098
22499,0.0784313725490196
19321,0.17647058823529413
17267,0.3137254901960784
12055,0.09803921568627451
1983,0.0784313725490196
15977,0.13725490196078433
867,0.0784313725490196
1329,0.13725490196078433
6757,0.058823529411764705
25996,0.11764705882352941
22734,0.0392156862745098
19076,0.09803921568627451
23655,0.058823529411764705
16329,0.27450980392156865
17168,0.29411764705882354
29743,0.058823529411764705
27946,0.0784313725490196
6695,0.13725490196078433
19755,0.0784313725490196
6443,0.0784313725490196
19622,0.0392156862745098
29138,0.47058823529411764
13804,0.19607843137254902
5867,0.2549019607843137
28793,0.058823529411764705
3813,0.0196078431372549
11270,0.0784313725490196
17314,0.19607843137254902
14395,0.3333333333333333
1173,0.13725490196078433
21729,0.1568627450980392
29780,0.058823529411764705
24790,0.27450980392156865
19644,0.23529411764705882
6069,0.058823529411764705
80,0.09803921568627451
6035,0.6078431372549019
5802,0.6470588235294118
20756,0.21568627450980393
8777,0.17647058823529413
26075,0.17647058823529413
7807,0.11764705882352941
7267,0.09803921568627451
5256,0.0392156862745098
18960,0.23529411764705882
25293,0.5490196078431373
4530,0.1568627450980392
42,0.11764705882352941
7206,0.5882352941176471
3243,0.21568627450980393
29898,0.1568627450980392
19065,0.5490196078431373
22004,0.7254901960784313
16118,0.5294117647058824
2941,0.0784313725490196
17876,0.0784313725490196
19613,0.37254901960784315
2919,0.19607843137254902
4041,0.35294117647058826
7358,0.11764705882352941
3003,0.49019607843137253
25427,0.09803921568627451
9565,0.13725490196078433
20761,0.5882352941176471
13376,0.11764705882352941
23032,0.11764705882352941
19206,0.13725490196078433
28607,0.11764705882352941
7676,0.0392156862745098
29768,0.09803921568627451
5421,0.21568627450980393
23815,0.21568627450980393
10185,0.7450980392156863
2965,0.6078431372549019
17828,0.058823529411764705
233,0.6274509803921569
28005,0.6666666666666666
26561,0.0392156862745098
6718,0.21568627450980393
11461,0.37254901960784315
21731,0.09803921568627451
6162,0.058823529411764705
4340,0.13725490196078433
6060,0.058823529411764705
3255,0.0784313725490196
16781,0.11764705882352941
194,0.0392156862745098
29705,0.13725490196078433
18608,0.0784313725490196
13117,0.058823529411764705
18666,0.0784313725490196
11346,0.0784313725490196
507,0.0392156862745098
11130,0.21568627450980393
13972,0.13725490196078433
16912,0.11764705882352941
26536,0.5490196078431373
15138,0.0784313725490196
2264,0.17647058823529413
8396,0.0784313725490196
14612,0.17647058823529413
5114,0.09803921568627451
24477,0.0196078431372549
15394,0.0196078431372549
3228,0.11764705882352941
14640,0.1568627450980392
3035,0.3137254901960784
9658,0.0392156862745098
5529,0.0196078431372549
17550,0.09803921568627451
6239,0.37254901960784315
3902,0.1568627450980392
18798,0.3333333333333333
13402,0.17647058823529413
29892,0.0784313725490196
3987,0.19607843137254902
7936,0.09803921568627451
20128,0.5882352941176471
4255,0.13725490196078433
27869,0.17647058823529413
9650,0.0784313725490196
10918,0.0392156862745098
6196,0.1568627450980392
9938,0.0392156862745098
27785,0.17647058823529413
17363,0.09803921568627451
12816,0.0784313725490196
21573,0.4117647058823529
22659,0.2549019607843137
3120,0.0784313725490196
3064,0.09803921568627451
15069,0.058823529411764705
16708,0.0784313725490196
24485,0.11764705882352941
4929,0.19607843137254902
16689,0.0392156862745098
14107,0.0196078431372549
29885,0.0196078431372549
17199,0.5098039215686274
25841,0.5098039215686274
15338,0.2549019607843137
22003,0.11764705882352941
26600,0.0784313725490196
823,0.0784313725490196
9389,0.1568627450980392
10028,0.1568627450980392
8755,0.2549019607843137
5955,0.11764705882352941
19221,0.0196078431372549
4647,0.0392156862745098
26419,0.11764705882352941
28605,0.13725490196078433
16442,0.09803921568627451
17996,0.0196078431372549
15110,0.19607843137254902
18803,0.3333333333333333
22548,0.13725490196078433
10108,0.11764705882352941
339,0.19607843137254902
15777,0.11764705882352941
18236,0.13725490196078433
8071,0.09803921568627451
13699,0.09803921568627451
6656,0.0392156862745098
17926,0.0392156862745098
16067,0.17647058823529413
27521,0.19607843137254902
1903,0.0784313725490196
22786,0.7450980392156863
12700,0.5294117647058824
19681,0.27450980392156865
14110,0.23529411764705882
11758,0.19607843137254902
17863,0.058823529411764705
4741,0.1568627450980392
9024,0.13725490196078433
16475,0.3333333333333333
24482,0.0
24966,0.13725490196078433
22203,0.09803921568627451
23340,0.0784313725490196
3466,0.0784313725490196
9508,0.13725490196078433
29585,0.09803921568627451
23662,0.13725490196078433
7649,0.13725490196078433
29798,0.058823529411764705
20249,0.1568627450980392
13846,0.1568627450980392
2994,0.09803921568627451
17648,0.8627450980392157
11267,0.27450980392156865
5435,0.1568627450980392
13507,0.11764705882352941
1377,0.0784313725490196
16879,0.0392156862745098
3760,0.19607843137254902
28924,0.13725490196078433
27586,0.21568627450980393
6076,0.0392156862745098
26603,0.09803921568627451
7045,0.11764705882352941
25411,0.13725490196078433
18974,0.11764705882352941
18198,0.17647058823529413
21709,0.13725490196078433
14319,0.0784313725490196
11252,0.0784313725490196
27165,0.058823529411764705
24133,0.058823529411764705
83,0.1568627450980392
23145,0.09803921568627451
25028,0.13725490196078433
21426,0.29411764705882354
14656,0.2549019607843137
18616,0.09803921568627451
8528,0.0392156862745098
26133,0.13725490196078433
3366,0.1568627450980392
22581,0.09803921568627451
21416,0.09803921568627451
28180,0.6274509803921569
13838,0.11764705882352941
1005,0.21568627450980393
20253,0.17647058823529413
3810,0.058823529411764705
21798,0.5686274509803921
12514,0.09803921568627451
2613,0.27450980392156865
1426,0.23529411764705882
24343,0.1568627450980392
2239,0.1568627450980392
14332,0.0784313725490196
21977,0.1568627450980392
29455,0.35294117647058826
20150,0.0784313725490196
20521,0.0784313725490196
28456,0.11764705882352941
362,0.09803921568627451
12415,0.13725490196078433
15577,0.13725490196078433
24196,0.23529411764705882
28530,0.19607843137254902
21292,0.7843137254901961
9783,0.0196078431372549
980,0.0196078431372549
18193,0.0196078431372549
4697,0.23529411764705882
16733,0.09803921568627451
13505,0.17647058823529413
15155,0.3333333333333333
25454,0.0784313725490196
384,0.0784313725490196
25523,0.1568627450980392
27594,0.0392156862745098
1321,0.11764705882352941
28167,0.0784313725490196
445,0.5882352941176471
24742,0.1568627450980392
21142,0.7843137254901961
5162,0.35294117647058826
5668,0.0392156862745098
2645,0.29411764705882354
23055,0.0392156862745098
25680,0.0784313725490196
6221,0.13725490196078433
26968,0.19607843137254902
24254,0.1568627450980392
6804,0.09803921568627451
21871,0.1568627450980392
1550,0.058823529411764705
23592,0.09803921568627451
18170,0.19607843137254902
7110,0.0784313725490196
26493,0.11764705882352941
4465,0.21568627450980393
23875,0.803921568627451
26690,0.39215686274509803
25340,0.13725490196078433
13829,0.37254901960784315
12886,0.0784313725490196
29531,0.11764705882352941
26347,0.17647058823529413
26950,0.09803921568627451
12507,0.17647058823529413
13416,0.1568627450980392
29659,0.0784313725490196
2948,0.09803921568627451
3832,0.13725490196078433
5883,0.11764705882352941
12665,0.0392156862745098
2273,0.19607843137254902
2130,0.23529411764705882
9211,0.1568627450980392
8309,0.13725490196078433
9123,0.23529411764705882
7835,0.5882352941176471
27510,0.17647058823529413
11327,0.058823529411764705
6777,0.13725490196078433
15578,0.0
649,0.803921568627451
17915,0.27450980392156865
10504,0.27450980392156865
3101,0.49019607843137253
29180,0.0784313725490196
11388,0.21568627450980393
25424,0.17647058823529413
9973,0.5686274509803921
10751,0.09803921568627451
11824,0.0392156862745098
5258,0.13725490196078433
13673,0.0392156862745098
7204,0.0784313725490196
9322,0.0392156862745098
53,0.19607843137254902
27926,0.11764705882352941
13491,0.1568627450980392
26242,0.6862745098039216
13644,0.1568627450980392
13427,0.2549019607843137
16107,0.17647058823529413
205,0.1568627450980392
21903,0.0392156862745098
28677,0.19607843137254902
28727,0.19607843137254902
13924,0.09803921568627451
19690,0.17647058823529413
11800,0.1568627450980392
9360,0.13725490196078433
3632,0.0784313725490196
19739,0.19607843137254902
13146,0.21568627450980393
10712,0.803921568627451
23791,0.058823529411764705
6154,0.19607843137254902
25999,0.0784313725490196
4175,0.11764705882352941
21019,0.0196078431372549
18097,0.0784313725490196
9278,0.0392156862745098
21038,0.7058823529411765
8521,0.6666666666666666
13788,0.0784313725490196
18967,0.11764705882352941
292,0.0784313725490196
12536,0.21568627450980393
10074,0.058823529411764705
13606,0.0392156862745098
15537,0.09803921568627451
2530,0.37254901960784315
28409,0.5686274509803921
8436,0.13725490196078433
21066,0.058823529411764705
26489,0.21568627450980393
20587,0.5098039215686274
2020,0.0196078431372549
13982,0.0392156862745098
2519,0.0196078431372549
12610,0.1568627450980392
20115,0.13725490196078433
18353,0.23529411764705882
4661,0.13725490196078433
22816,0.23529411764705882
10545,0.058823529411764705
3979,0.09803921568627451
9552,0.803921568627451
17677,0.13725490196078433
11248,0.0
13943,0.3137254901960784
25014,0.13725490196078433
21622,0.09803921568627451
26934,0.0196078431372549
8623,0.2549019607843137
15192,0.11764705882352941
21671,0.29411764705882354
23192,0.0196078431372549
10753,0.21568627450980393
17658,0.058823529411764705
10011,0.13725490196078433
6548,0.0784313725490196
29777,0.35294117647058826
29906,0.13725490196078433
20695,0.47058823529411764
14704,0.23529411764705882
5347,0.17647058823529413
20273,0.3137254901960784
15300,0.11764705882352941
4776,0.058823529411764705
23112,0.6470588235294118
21284,0.1568627450980392
3943,0.21568627450980393
8863,0.0784313725490196
29526,0.058823529411764705
24679,0.5294117647058824
28811,0.0784313725490196
9288,0.11764705882352941
22869,0.21568627450980393
22427,0.21568627450980393
29730,0.5294117647058824
29447,0.2549019607843137
3020,0.0784313725490196
16623,0.13725490196078433
14249,0.5882352941176471
25338,0.7843137254901961
15735,0.0784313725490196
11798,0.13725490196078433
19907,0.09803921568627451
23754,0.058823529411764705
819,0.11764705882352941
9499,0.4117647058823529
21522,0.11764705882352941
24531,0.17647058823529413
3672,0.1568627450980392
22342,0.21568627450980393
17670,0.3137254901960784
28837,0.13725490196078433
20749,0.29411764705882354
20728,0.13725490196078433
5920,0.11764705882352941
14272,0.11764705882352941
19236,0.5098039215686274
15656,0.13725490196078433
26679,0.13725490196078433
1686,0.13725490196078433
17873,0.13725490196078433
25713,0.23529411764705882
9922,0.5098039215686274
16452,0.11764705882352941
16828,0.09803921568627451
23187,0.0784313725490196
25509,0.13725490196078433
15006,0.3333333333333333
8030,0.13725490196078433
22027,0.11764705882352941
24338,0.6470588235294118
758,0.19607843137254902
29129,0.11764705882352941
17281,0.7058823529411765
28405,0.0784313725490196
26162,0.13725490196078433
21222,0.3137254901960784
15985,0.1568627450980392
16602,0.0392156862745098
19555,0.6862745098039216
18649,0.0196078431372549
6066,0.5294117647058824
17573,0.0784313725490196
28068,0.0784313725490196
22031,0.17647058823529413
4680,0.23529411764705882
1484,0.17647058823529413
8229,0.058823529411764705
18247,0.09803921568627451
18255,0.21568627450980393
7942,0.11764705882352941
21725,0.17647058823529413
2469,0.11764705882352941
15599,0.19607843137254902
7955,0.0784313725490196
22635,0.09803921568627451
12769,0.0
23544,0.09803921568627451
11539,0.0784313725490196
16741,0.1568627450980392
16036,0.13725490196078433
3721,0.7450980392156863
28097,0.0784313725490196
18240,0.0392156862745098
15514,0.27450980392156865
11129,0.5686274509803921
14530,0.29411764705882354
3529,0.6274509803921569
26958,0.39215686274509803
18751,0.17647058823529413
21159,0.0392156862745098
9943,0.0392156862745098
19717,0.19607843137254902
13934,0.21568627450980393
29130,0.3137254901960784
18221,0.1568627450980392
19556,0.0196078431372549
7158,0.0392156862745098
14204,0.2549019607843137
432,0.2549019607843137
22124,0.17647058823529413
19625,0.23529411764705882
4602,0.2549019607843137
26756,0.1568627450980392
439,0.2549019607843137
5369,0.09803921568627451
14953,0.09803921568627451
24492,0.0784313725490196
19952,0.1568627450980392
12653,0.0784313725490196
4434,0.11764705882352941
6476,0.35294117647058826
3784,0.11764705882352941
10116,0.6470588235294118
19174,0.1568627450980392
10929,0.09803921568627451
25536,0.23529411764705882
21508,0.1568627450980392
19978,0.0784313725490196
14723,0.17647058823529413
24673,0.27450980392156865
5831,0.37254901960784315
15382,0.0392156862745098
10726,0.19607843137254902
26160,0.7647058823529411
13409,0.058823529411764705
20502,0.13725490196078433
1872,0.09803921568627451
16027,0.3137254901960784
6633,0.13725490196078433
6573,0.6666666666666666
26778,0.7647058823529411
26023,0.09803921568627451
24529,0.0392156862745098
15021,0.11764705882352941
27151,0.0196078431372549
10229,0.27450980392156865
6160,0.09803921568627451
2839,0.37254901960784315
7960,0.0784313725490196
27761,0.13725490196078433
3791,0.3137254901960784
14503,0.11764705882352941
26516,0.39215686274509803
13798,0.0196078431372549
18836,0.09803921568627451
25780,0.09803921568627451
9768,0.19607843137254902
27810,0.058823529411764705
27237,0.17647058823529413
23260,0.1568627450980392
12655,0.0784313725490196
8170,0.19607843137254902
10851,0.0
26187,0.09803921568627451
2379,0.09803921568627451
28705,0.17647058823529413
20988,0.0784313725490196
27169,0.0784313725490196
29194,0.11764705882352941
9759,0.1568627450980392
26994,0.17647058823529413
12075,0.39215686274509803
25378,0.0196078431372549
24535,0.2549019607843137
8412,0.43137254901960786
27064,0.11764705882352941
11131,0.0784313725490196
21150,0.17647058823529413
18315,0.0392156862745098
26541,0.49019607843137253
22909,0.27450980392156865
20058,0.17647058823529413
14288,0.0784313725490196
8831,0.058823529411764705
21022,0.0392156862745098
24300,0.13725490196078433
680,0.19607843137254902
21470,0.11764705882352941
14878,0.058823529411764705
13555,0.23529411764705882
21308,0.17647058823529413
13883,0.058823529411764705
12339,0.13725490196078433
10309,0.09803921568627451
6139,0.09803921568627451
22673,0.11764705882352941
21076,0.6274509803921569
20113,0.09803921568627451
19633,0.09803921568627451
8522,0.7254901960784313
9827,0.7450980392156863
21706,0.11764705882352941
19500,0.6666666666666666
817,0.058823529411764705
25571,0.09803921568627451
7466,0.058823529411764705
22416,0.09803921568627451
28320,0.09803921568627451
25486,0.6666666666666666
2115,0.13725490196078433
13758,0.11764705882352941
29599,0.1568627450980392
29246,0.11764705882352941
13158,0.43137254901960786
17244,0.21568627450980393
10862,0.19607843137254902
4737,0.11764705882352941
7881,0.11764705882352941
23312,0.1568627450980392
2692,0.0784313725490196
23510,0.11764705882352941
16236,0.17647058823529413
19315,0.19607843137254902
17039,0.1568627450980392
25903,0.0784313725490196
19344,0.2549019607843137
3673,0.6862745098039216
16780,0.39215686274509803
21300,0.49019607843137253
27242,0.11764705882352941
970,0.6666666666666666
26330,0.23529411764705882
12739,0.1568627450980392
14669,0.11764705882352941
4801,0.7058823529411765
10143,0.2549019607843137
7394,0.45098039215686275
28581,0.058823529411764705
21184,0.09803921568627451
3623,0.47058823529411764
25885,0.13725490196078433
8735,0.1568627450980392
19647,0.11764705882352941
22103,0.09803921568627451
5410,0.0784313725490196
8651,0.09803921568627451
28247,0.2549019607843137
1979,0.11764705882352941
17976,0.2549019607843137
26255,0.0196078431372549
13502,0.3333333333333333
14328,0.058823529411764705
10536,0.21568627450980393
4310,0.39215686274509803
20850,0.13725490196078433
22305,0.19607843137254902
8406,0.058823529411764705
25990,0.0392156862745098
26425,0.1568627450980392
21302,0.0392156862745098
25216,0.7647058823529411
15340,0.5294117647058824
10837,0.5098039215686274
27738,0.058823529411764705
11331,0.39215686274509803
27092,0.0784313725490196
28802,0.058823529411764705
822,0.11764705882352941
22510,0.17647058823529413
24801,0.17647058823529413
26095,0.19607843137254902
26201,0.058823529411764705
14533,0.09803921568627451
20874,0.09803921568627451
17416,0.29411764705882354
5285,0.1568627450980392
7679,0.0784313725490196
25234,0.7254901960784313
14292,0.17647058823529413
11922,0.7450980392156863
28952,0.11764705882352941
18906,0.09803921568627451
27580,0.09803921568627451
27433,0.5686274509803921
12123,0.27450980392156865
18105,0.09803921568627451
254,0.058823529411764705
10219,0.2549019607843137
16293,0.13725490196078433
6217,0.5686274509803921
15823,0.3137254901960784
1502,0.13725490196078433
22008,0.09803921568627451
27040,0.3333333333333333
22941,0.1568627450980392
10566,0.0
29442,0.09803921568627451
14870,0.35294117647058826
17089,0.3137254901960784
4837,0.27450980392156865
1832,0.11764705882352941
13946,0.21568627450980393
8751,0.0784313725490196
29430,0.6862745098039216
14711,0.1568627450980392
4562,0.27450980392156865
24257,0.23529411764705882
16059,0.13725490196078433
11332,0.5686274509803921
23913,0.35294117647058826
20134,0.1568627450980392
7115,0.09803921568627451
29165,0.21568627450980393
1044,0.7254901960784313
9750,0.5686274509803921
11985,0.09803921568627451
25292,0.0784313725490196
27829,0.0196078431372549
25696,0.17647058823529413
17596,0.11764705882352941
25152,0.13725490196078433
9013,0.11764705882352941
23494,0.13725490196078433
10222,0.5882352941176471
21612,0.13725490196078433
1425,0.5294117647058824
1014,0.2549019607843137
26835,0.11764705882352941
11071,0.6274509803921569
15492,0.09803921568627451
9853,0.6862745098039216
19499,0.0392156862745098
16903,0.0196078431372549
4919,0.2549019607843137
29628,0.1568627450980392
9963,0.5490196078431373
9831,0.13725490196078433
14421,0.7450980392156863
21240,0.27450980392156865
28682,0.09803921568627451
21261,0.47058823529411764
11607,0.13725490196078433
10062,0.5098039215686274
26787,0.11764705882352941
12021,0.7058823529411765
5991,0.27450980392156865
6934,0.6470588235294118
26899,0.13725490196078433
10998,0.5686274509803921
19144,0.19607843137254902
14375,0.27450980392156865
25944,0.09803921568627451
6200,0.13725490196078433
25557,0.13725490196078433
10987,0.0784313725490196
10019,0.23529411764705882
26186,0.13725490196078433
24726,0.7058823529411765
24818,0.49019607843137253
21373,0.09803921568627451
17693,0.17647058823529413
5930,0.058823529411764705
28778,0.21568627450980393
13915,0.6862745098039216
15533,0.09803921568627451
12782,0.7843137254901961
11390,0.2549019607843137
24277,0.19607843137254902
28794,0.1568627450980392
2641,0.19607843137254902
26959,0.0784313725490196
23220,0.13725490196078433
18168,0.13725490196078433
16607,0.5882352941176471
20645,0.0784313725490196
2929,0.09803921568627451
17001,0.11764705882352941
2565,0.11764705882352941
9767,0.21568627450980393
20185,0.058823529411764705
21149,0.1568627450980392
3612,0.17647058823529413
28782,0.35294117647058826
18546,0.6666666666666666
11219,0.11764705882352941
1307,0.13725490196078433
13523,0.058823529411764705
11349,0.058823529411764705
13076,0.4117647058823529
15760,0.11764705882352941
1574,0.09803921568627451
22138,0.17647058823529413
27930,0.8823529411764706
1673,0.6666666666666666
10005,0.0
151,0.17647058823529413
243,0.7058823529411765
5227,0.3137254901960784
24033,0.13725490196078433
22424,0.0392156862745098
13830,0.13725490196078433
11783,0.13725490196078433
7229,0.09803921568627451
26645,0.7450980392156863
18695,0.1568627450980392
5013,0.09803921568627451
9119,0.1568627450980392
27484,0.27450980392156865
13174,0.13725490196078433
11522,0.1568627450980392
28939,0.09803921568627451
9168,0.058823529411764705
23719,0.13725490196078433
24527,0.11764705882352941
20192,0.11764705882352941
15159,0.0784313725490196
18528,0.058823529411764705
4377,0.13725490196078433
11460,0.27450980392156865
9940,0.0392156862745098
16646,0.19607843137254902
2808,0.13725490196078433
28653,0.11764705882352941
221,0.6666666666666666
3939,0.5882352941176471
16536,0.13725490196078433
27941,0.0784313725490196
4880,0.0392156862745098
12379,0.0392156862745098
2844,0.09803921568627451
17135,0.0784313725490196
22985,0.0392156862745098
471,0.6274509803921569
5791,0.0784313725490196
1414,0.09803921568627451
3764,0.11764705882352941
10525,0.09803921568627451
16097,0.0196078431372549
2376,0.0392156862745098
4292,0.29411764705882354
21467,0.11764705882352941
7933,0.17647058823529413
23665,0.8235294117647058
11455,0.11764705882352941
25599,0.0196078431372549
391,0.0784313725490196
7935,0.0196078431372549
28768,0.21568627450980393
16336,0.11764705882352941
23891,0.0
14834,0.058823529411764705
23014,0.19607843137254902
25805,0.29411764705882354
14557,0.19607843137254902
25174,0.13725490196078433
24907,0.0
1078,0.19607843137254902
22328,0.13725490196078433
24190,0.17647058823529413
16609,0.21568627450980393
13954,0.6274509803921569
20455,0.19607843137254902
2902,0.0392156862745098
1495,0.21568627450980393
18285,0.0784313725490196
22147,0.058823529411764705
3964,0.0196078431372549
10656,0.27450980392156865
22135,0.21568627450980393
3892,0.09803921568627451
14378,0.5882352941176471
12909,0.2549019607843137
19448,0.11764705882352941
22543,0.7450980392156863
15425,0.11764705882352941
10350,0.21568627450980393
24304,0.19607843137254902
15988,0.09803921568627451
19762,0.43137254901960786
28544,0.1568627450980392
18390,0.1568627450980392
24635,0.8431372549019608
19078,0.6666666666666666
9631,0.21568627450980393
3885,0.3333333333333333
357,0.7647058823529411
26394,0.09803921568627451
29860,0.7647058823529411
22126,0.23529411764705882
9901,0.09803921568627451
13564,0.0392156862745098
26076,0.5098039215686274
5940,0.19607843137254902
24552,0.09803921568627451
28859,0.23529411764705882
18226,0.0784313725490196
18241,0.17647058823529413
26630,0.0
26325,0.3137254901960784
2811,0.09803921568627451
17172,0.6274509803921569
5070,0.7647058823529411
20360,0.09803921568627451
28261,0.11764705882352941
17704,0.6078431372549019
8531,0.6470588235294118
948,0.1568627450980392
8472,0.0784313725490196
18919,0.0196078431372549
26069,0.27450980392156865
7092,0.058823529411764705
13138,0.23529411764705882
27039,0.29411764705882354
20059,0.7058823529411765
15116,0.09803921568627451
3670,0.1568627450980392
26127,0.13725490196078433
8821,0.2549019607843137
12018,0.0196078431372549
27529,0.4117647058823529
2733,0.23529411764705882
27550,0.09803921568627451
1003,0.0784313725490196
4896,0.3137254901960784
25682,0.11764705882352941
24483,0.6666666666666666
4736,0.0196078431372549
6625,0.09803921568627451
1205,0.6666666666666666
25645,0.6274509803921569
26058,0.21568627450980393
3220,0.0784313725490196
11577,0.43137254901960786
17127,0.0784313725490196
28556,0.17647058823529413
20731,0.0784313725490196
3176,0.09803921568627451
573,0.0196078431372549
21704,0.23529411764705882
20127,0.0196078431372549
11287,0.0784313725490196
4703,0.0392156862745098
1407,0.0784313725490196
16776,0.11764705882352941
21568,0.11764705882352941
7961,0.17647058823529413
22707,0.6862745098039216
23081,0.11764705882352941
3125,0.21568627450980393
2597,0.11764705882352941
2615,0.6274509803921569
12417,0.23529411764705882
6716,0.13725490196078433
2461,0.09803921568627451
8241,0.0784313725490196
19854,0.1568627450980392
1718,0.0784313725490196
28352,0.0392156862745098
11569,0.35294117647058826
29100,0.13725490196078433
22664,0.39215686274509803
27798,0.23529411764705882
14449,0.11764705882352941
22284,0.0392156862745098
23532,0.13725490196078433
12236,0.09803921568627451
10076,0.3333333333333333
15071,0.6274509803921569
10985,0.1568627450980392
16620,0.0784313725490196
6651,0.0784313725490196
4,0.8627450980392157
14528,0.09803921568627451
4034,0.29411764705882354
29275,0.0392156862745098
18447,0.17647058823529413
3954,0.7254901960784313
20102,0.19607843137254902
11444,0.09803921568627451
29835,0.21568627450980393
17144,0.1568627450980392
23838,0.17647058823529413
12001,0.6470588235294118
27708,0.17647058823529413
17651,0.21568627450980393
15145,0.0
29881,0.27450980392156865
643,0.1568627450980392
21102,0.13725490196078433
22274,0.7254901960784313
25751,0.6078431372549019
26841,0.21568627450980393
20877,0.0784313725490196
3864,0.13725490196078433
20902,0.7450980392156863
12820,0.0784313725490196
14414,0.058823529411764705
27608,0.0196078431372549
22033,0.35294117647058826
10096,0.0196078431372549
10355,0.13725490196078433
2187,0.058823529411764705
16499,0.09803921568627451
319,0.0784313725490196
12946,0.7647058823529411
6260,0.11764705882352941
2255,0.19607843137254902
25266,0.0392156862745098
27312,0.803921568627451
1254,0.23529411764705882
19591,0.39215686274509803
16864,0.11764705882352941
25269,0.058823529411764705
6482,0.21568627450980393
20480,0.0784313725490196
13201,0.3137254901960784
4207,0.13725490196078433
25578,0.0784313725490196
11555,0.0784313725490196
1518,0.058823529411764705
25729,0.0392156862745098
8053,0.13725490196078433
26967,0.09803921568627451
3455,0.058823529411764705
12090,0.19607843137254902
27291,0.11764705882352941
23869,0.6274509803921569
19387,0.11764705882352941
20568,0.17647058823529413
8114,0.13725490196078433
12481,0.0392156862745098
1392,0.47058823529411764
12220,0.11764705882352941
9028,0.17647058823529413
21555,0.13725490196078433
16984,0.058823529411764705
7662,0.0
12523,0.13725490196078433
1315,0.0392156862745098
3295,0.2549019607843137
23887,0.2549019607843137
8285,0.27450980392156865
22386,0.5686274509803921
28364,0.0784313725490196
22837,0.0392156862745098
763,0.3333333333333333
2489,0.47058823529411764
29991,0.19607843137254902
17660,0.21568627450980393
2507,0.5882352941176471
26475,0.1568627450980392
29610,0.13725490196078433
28206,0.19607843137254902
7029,0.0784313725490196
13404,0.39215686274509803
9431,0.13725490196078433
29878,0.09803921568627451
4323,0.09803921568627451
28522,0.13725490196078433
24204,0.0392156862745098
18096,0.09803921568627451
17702,0.17647058823529413
12399,0.17647058823529413
4048,0.19607843137254902
13861,0.6470588235294118
14213,0.058823529411764705
5943,0.19607843137254902
4707,0.0784313725490196
15166,0.43137254901960786
5038,0.1568627450980392
17043,0.45098039215686275
22115,0.0784313725490196
9781,0.058823529411764705
26483,0.11764705882352941
21233,0.4117647058823529
14868,0.7843137254901961
12238,0.0392156862745098
5986,0.23529411764705882
23263,0.058823529411764705
13359,0.7843137254901961
11960,0.09803921568627451
13168,0.7254901960784313
19124,0.5294117647058824
14299,0.09803921568627451
12537,0.7647058823529411
28030,0.09803921568627451
28490,0.09803921568627451
18924,0.17647058823529413
10173,0.29411764705882354
10204,0.0784313725490196
9822,0.0784313725490196
25431,0.17647058823529413
5642,0.0784313725490196
24248,0.13725490196078433
8988,0.23529411764705882
8375,0.13725490196078433
11559,0.0784313725490196
23163,0.7254901960784313
19768,0.17647058823529413
23428,0.0392156862745098
15947,0.0784313725490196
11862,0.09803921568627451
17990,0.3333333333333333
25270,0.29411764705882354
10314,0.6078431372549019
6997,0.5686274509803921
20193,0.13725490196078433
420,0.17647058823529413
18983,0.17647058823529413
1342,0.1568627450980392
6464,0.6274509803921569
11586,0.0784313725490196
5544,0.0392156862745098
19333,0.058823529411764705
14793,0.7450980392156863
5966,0.0784313725490196
25256,0.19607843137254902
28044,0.11764705882352941
8177,0.39215686274509803
20958,0.0784313725490196
21810,0.09803921568627451
27316,0.0196078431372549
22566,0.13725490196078433
3306,0.13725490196078433
15718,0.7450980392156863
5344,0.1568627450980392
23842,0.39215686274509803
27216,0.0392156862745098
10633,0.27450980392156865
29417,0.09803921568627451
13588,0.17647058823529413
2057,0.17647058823529413
26946,0.09803921568627451
23603,0.0392156862745098
22068,0.058823529411764705
13248,0.0392156862745098
20953,0.1568627450980392
14350,0.058823529411764705
9718,0.29411764705882354
18151,0.13725490196078433
14266,0.1568627450980392
27497,0.27450980392156865
6220,0.058823529411764705
19601,0.0392156862745098
22005,0.1568627450980392
6190,0.0392156862745098
11852,0.27450980392156865
4169,0.17647058823529413
2701,0.19607843137254902
11750,0.09803921568627451
2680,0.21568627450980393
23368,0.37254901960784315
14866,0.39215686274509803
21366,0.058823529411764705
4877,0.058823529411764705
24336,0.13725490196078433
8818,0.19607843137254902
11957,0.19607843137254902
19996,0.0392156862745098
18929,0.5098039215686274
28161,0.0784313725490196
21689,0.11764705882352941
12149,0.0784313725490196
18052,0.6470588235294118
17803,0.35294117647058826
8815,0.5490196078431373
10380,0.13725490196078433
24467,0.09803921568627451
641,0.19607843137254902
25927,0.11764705882352941
8280,0.058823529411764705
17671,0.1568627450980392
20001,0.6862745098039216
6444,0.35294117647058826
11907,0.0392156862745098
25879,0.1568627450980392
29438,0.09803921568627451
14816,0.0784313725490196
3788,0.11764705882352941
6515,0.11764705882352941
14280,0.058823529411764705
27555,0.17647058823529413
20826,0.39215686274509803
942,0.29411764705882354
18888,0.37254901960784315
11544,0.11764705882352941
10540,0.3137254901960784
1019,0.09803921568627451
28620,0.0392156862745098
12454,0.058823529411764705
11174,0.35294117647058826
1406,0.09803921568627451
24164,0.09803921568627451
14733,0.23529411764705882
13322,0.35294117647058826
18111,0.1568627450980392
25331,0.5098039215686274
29220,0.19607843137254902
1336,0.058823529411764705
25191,0.0784313725490196
20753,0.09803921568627451
12784,0.21568627450980393
24202,0.35294117647058826
3133,0.6274509803921569
24140,0.5294117647058824
19337,0.0196078431372549
24808,0.1568627450980392
29819,0.11764705882352941
4140,0.0784313725490196
135,0.09803921568627451
16459,0.11764705882352941
29118,0.1568627450980392
6737,0.5686274509803921
16904,0.13725490196078433
4124,0.37254901960784315
11066,0.3137254901960784
29353,0.1568627450980392
14013,0.0196078431372549
1384,0.803921568627451
5107,0.09803921568627451
8489,0.0392156862745098
17349,0.13725490196078433
14192,0.5294117647058824
1849,0.1568627450980392
15325,0.058823529411764705
14236,0.09803921568627451
19600,0.1568627450980392
16992,0.09803921568627451
2303,0.09803921568627451
15048,0.09803921568627451
6761,0.21568627450980393
27533,0.3137254901960784
14681,0.058823529411764705
13078,0.0784313725490196
14931,0.17647058823529413
8117,0.13725490196078433
25894,0.21568627450980393
9461,0.5686274509803921
15681,0.43137254901960786
16507,0.35294117647058826
12912,0.37254901960784315
17263,0.7058823529411765
14015,0.27450980392156865
25405,0.0784313725490196
4367,0.4117647058823529
12059,0.3333333333333333
21635,0.39215686274509803
20871,0.11764705882352941
9003,0.058823529411764705
19438,0.1568627450980392
5764,0.13725490196078433
10417,0.19607843137254902
16361,0.0784313725490196
3021,0.11764705882352941
1662,0.1568627450980392
204,0.058823529411764705
12138,0.3333333333333333
1445,0.17647058823529413
22710,0.7450980392156863
1428,0.11764705882352941
15250,0.6666666666666666
2995,0.13725490196078433
12271,0.11764705882352941
12072,0.058823529411764705
12826,0.058823529411764705
28288,0.5294117647058824
22145,0.0784313725490196
22114,0.29411764705882354
3236,0.43137254901960786
28215,0.803921568627451
20444,0.0392156862745098
15992,0.17647058823529413
1488,0.0196078431372549
24350,0.09803921568627451
6840,0.058823529411764705
6755,0.35294117647058826
25029,0.7254901960784313
26798,0.11764705882352941
25974,0.09803921568627451
28595,0.17647058823529413
10866,0.29411764705882354
9154,0.0784313725490196
15331,0.0784313725490196
16579,0.0784313725490196
15535,0.7058823529411765
810,0.19607843137254902
29229,0.09803921568627451
14806,0.23529411764705882
24811,0.0784313725490196
15209,0.1568627450980392
19071,0.3137254901960784
5936,0.13725490196078433
21463,0.19607843137254902
5718,0.0392156862745098
23379,0.0784313725490196
26933,0.0784313725490196
8338,0.0392156862745098
20914,0.09803921568627451
20234,0.1568627450980392
26140,0.23529411764705882
22562,0.1568627450980392
13052,0.13725490196078433
29370,0.0784313725490196
13909,0.09803921568627451
11763,0.17647058823529413
4702,0.0784313725490196
5870,0.11764705882352941
7288,0.21568627450980393
16406,0.47058823529411764
10187,0.37254901960784315
17392,0.13725490196078433
29972,0.13725490196078433
23804,0.5294117647058824
3425,0.0784313725490196
20963,0.058823529411764705
2099,0.09803921568627451
24630,0.11764705882352941
12126,0.3333333333333333
29171,0.0392156862745098
22204,0.11764705882352941
10885,0.803921568627451
26137,0.1568627450980392
11913,0.19607843137254902
28337,0.3137254901960784
5336,0.09803921568627451
24663,0.39215686274509803
21217,0.2549019607843137
9594,0.0784313725490196
18982,0.11764705882352941
11245,0.11764705882352941
11335,0.17647058823529413
1564,0.35294117647058826
12087,0.0784313725490196
8639,0.0
26291,0.058823529411764705
10911,0.1568627450980392
17599,0.27450980392156865
17526,0.0784313725490196
5253,0.43137254901960786
14583,0.17647058823529413
17296,0.2549019607843137
9713,0.1568627450980392
10611,0.11764705882352941
9446,0.27450980392156865
4955,0.27450980392156865
26671,0.11764705882352941
28651,0.0
18758,0.19607843137254902
13612,0.13725490196078433
14781,0.058823529411764705
13225,0.21568627450980393
19573,0.2549019607843137
11595,0.11764705882352941
8532,0.4117647058823529
27197,0.0784313725490196
17542,0.0784313725490196
20155,0.5098039215686274
23699,0.11764705882352941
21466,0.13725490196078433
10303,0.17647058823529413
26983,0.19607843137254902
27756,0.0392156862745098
25936,0.17647058823529413
3796,0.058823529411764705
2795,0.2549019607843137
14227,0.19607843137254902
18381,0.0784313725490196
14456,0.49019607843137253
28455,0.23529411764705882
27190,0.47058823529411764
6102,0.0784313725490196
13299,0.21568627450980393
1402,0.27450980392156865
6024,0.058823529411764705
9209,0.17647058823529413
6183,0.6666666666666666
26335,0.45098039215686275
28222,0.2549019607843137
21275,0.0392156862745098
26673,0.0196078431372549
19151,0.5882352941176471
18887,0.0784313725490196
16262,0.2549019607843137
58,0.11764705882352941
29512,0.6666666666666666
5552,0.3333333333333333
7542,0.0392156862745098
8825,0.1568627450980392
14938,0.058823529411764705
9912,0.0784313725490196
9926,0.09803921568627451
17770,0.09803921568627451
3697,0.1568627450980392
4008,0.0
11370,0.058823529411764705
23242,0.058823529411764705
19103,0.1568627450980392
11653,0.5294117647058824
21797,0.2549019607843137
5306,0.0784313725490196
2135,0.0784313725490196
17623,0.11764705882352941
1390,0.23529411764705882
28909,0.27450980392156865
3718,0.47058823529411764
4693,0.5686274509803921
10132,0.3137254901960784
24092,0.47058823529411764
29685,0.13725490196078433
4387,0.1568627450980392
28710,0.1568627450980392
18767,0.17647058823529413
3890,0.23529411764705882
15503,0.21568627450980393
18290,0.17647058823529413
1856,0.058823529411764705
20022,0.0392156862745098
11845,0.1568627450980392
10385,0.17647058823529413
3174,0.09803921568627451
21872,0.8235294117647058
7327,0.13725490196078433
4712,0.0196078431372549
3795,0.7450980392156863
29914,0.5490196078431373
28184,0.11764705882352941
28635,0.0392156862745098
5999,0.1568627450980392
17159,0.29411764705882354
2451,0.11764705882352941
23180,0.19607843137254902
26053,0.058823529411764705
26113,0.09803921568627451
12281,0.0784313725490196
26098,0.35294117647058826
3837,0.27450980392156865
23966,0.09803921568627451
8314,0.6078431372549019
11164,0.1568627450980392
9847,0.17647058823529413
20407,0.0784313725490196
8943,0.13725490196078433
29961,0.058823529411764705
18609,0.1568627450980392
21309,0.19607843137254902
8632,0.23529411764705882
20337,0.5490196078431373
9341,0.7647058823529411
2481,0.803921568627451
4476,0.27450980392156865
6851,0.13725490196078433
13540,0.23529411764705882
793,0.0784313725490196
19614,0.29411764705882354
22948,0.13725490196078433
6720,0.5490196078431373
28772,0.13725490196078433
5567,0.3333333333333333
21672,0.43137254901960786
7759,0.35294117647058826
11451,0.09803921568627451
29833,0.11764705882352941
2833,0.0392156862745098
25971,0.058823529411764705
23721,0.29411764705882354
15248,0.1568627450980392
21364,0.27450980392156865
28466,0.21568627450980393
18438,0.0784313725490196
6795,0.17647058823529413
3322,0.2549019607843137
15448,0.13725490196078433
9605,0.17647058823529413
16128,0.29411764705882354
28332,0.1568627450980392
23380,0.7647058823529411
16171,0.0784313725490196
9927,0.1568627450980392
6785,0.09803921568627451
7883,0.1568627450980392
4792,0.7254901960784313
29172,0.13725490196078433
2786,0.0196078431372549
19370,0.17647058823529413
27126,0.17647058823529413
16768,0.0784313725490196
2925,0.21568627450980393
28435,0.11764705882352941
15478,0.09803921568627451
26766,0.09803921568627451
12519,0.23529411764705882
10582,0.45098039215686275
28064,0.09803921568627451
9887,0.21568627450980393
20323,0.19607843137254902
22092,0.11764705882352941
10989,0.6078431372549019
4098,0.23529411764705882
22105,0.09803921568627451
9848,0.7254901960784313
13841,0.0784313725490196
20943,0.1568627450980392
20977,0.0196078431372549
4802,0.27450980392156865
12210,0.0196078431372549
22741,0.09803921568627451
1102,0.5882352941176471
1311,0.8235294117647058
14203,0.058823529411764705
14214,0.058823529411764705
19400,0.6078431372549019
23689,0.11764705882352941
20066,0.13725490196078433
19596,0.058823529411764705
24827,0.13725490196078433
4870,0.23529411764705882
13902,0.43137254901960786
26655,0.09803921568627451
18738,0.27450980392156865
15588,0.23529411764705882
14335,0.6470588235294118
27196,0.19607843137254902
22303,0.27450980392156865
27993,0.0784313725490196
15989,0.0196078431372549
3397,0.09803921568627451
28545,0.11764705882352941
21544,0.19607843137254902
22314,0.13725490196078433
26244,0.6666666666666666
6278,0.11764705882352941
27943,0.09803921568627451
24163,0.13725490196078433
13495,0.2549019607843137
1038,0.0196078431372549
19709,0.8235294117647058
6662,0.13725490196078433
13620,0.19607843137254902
24885,0.29411764705882354
20088,0.13725490196078433
18891,0.0784313725490196
28818,0.17647058823529413
26435,0.13725490196078433
5800,0.19607843137254902
875,0.17647058823529413
7421,0.7058823529411765
8311,0.0392156862745098
19112,0.1568627450980392
19576,0.19607843137254902
21561,0.058823529411764705
2822,0.058823529411764705
4759,0.49019607843137253
12743,0.11764705882352941
19544,0.058823529411764705
12812,0.6470588235294118
3511,0.11764705882352941
29108,0.0392156862745098
16758,0.21568627450980393
19191,0.803921568627451
4908,0.6862745098039216
11727,0.11764705882352941
16890,0.058823529411764705
18640,0.7647058823529411
9513,0.11764705882352941
13785,0.09803921568627451
23932,0.058823529411764705
3576,0.09803921568627451
28318,0.3137254901960784
24670,0.17647058823529413
2842,0.803921568627451
8683,0.0784313725490196
29214,0.11764705882352941
3069,0.29411764705882354
11369,0.13725490196078433
4433,0.0196078431372549
9669,0.058823529411764705
10346,0.2549019607843137
2418,0.6274509803921569
26376,0.35294117647058826
17005,0.5098039215686274
13243,0.0784313725490196
27392,0.1568627450980392
1520,0.6274509803921569
20913,0.09803921568627451
4578,0.2549019607843137
723,0.7058823529411765
5320,0.27450980392156865
26921,0.2549019607843137
9921,0.2549019607843137
3403,0.09803921568627451
26685,0.35294117647058826
2803,0.09803921568627451
17217,0.35294117647058826
14833,0.1568627450980392
10496,0.1568627450980392
22799,0.13725490196078433
13098,0.058823529411764705
17009,0.19607843137254902
24005,0.0392156862745098
16364,0.7647058823529411
14052,0.11764705882352941
2355,0.13725490196078433
26833,0.0784313725490196
25126,0.0784313725490196
15662,0.058823529411764705
29724,0.09803921568627451
18181,0.13725490196078433
26904,0.8235294117647058
11776,0.13725490196078433
9374,0.058823529411764705
5364,0.1568627450980392
20229,0.3333333333333333
22755,0.09803921568627451
787,0.1568627450980392
17564,0.17647058823529413
25159,0.5882352941176471
29032,0.1568627450980392
29922,0.29411764705882354
4021,0.19607843137254902
23551,0.058823529411764705
29758,0.2549019607843137
918,0.21568627450980393
14188,0.1568627450980392
11645,0.1568627450980392
22957,0.13725490196078433
19431,0.5294117647058824
6858,0.13725490196078433
22525,0.7647058823529411
3059,0.17647058823529413
13929,0.09803921568627451
17098,0.0196078431372549
3515,0.09803921568627451
13509,0.17647058823529413
29222,0.803921568627451
16300,0.13725490196078433
3552,0.17647058823529413
6318,0.17647058823529413
19668,0.058823529411764705
11441,0.19607843137254902
18325,0.2549019607843137
19751,0.1568627450980392
15267,0.058823529411764705
20567,0.5686274509803921
28491,0.3333333333333333
10900,0.29411764705882354
9525,0.058823529411764705
28252,0.19607843137254902
4513,0.0784313725490196
29771,0.3333333333333333
16144,0.23529411764705882
24549,0.2549019607843137
13372,0.37254901960784315
5770,0.19607843137254902
18792,0.058823529411764705
10690,0.09803921568627451
10794,0.5490196078431373
29482,0.23529411764705882
26122,0.5686274509803921
18734,0.11764705882352941
14837,0.23529411764705882
27189,0.0392156862745098
24436,0.21568627450980393
1614,0.2549019607843137
8636,0.27450980392156865
18110,0.19607843137254902
24290,0.1568627450980392
22923,0.1568627450980392
18898,0.0784313725490196
18671,0.19607843137254902
23579,0.09803921568627451
26712,0.4117647058823529
7770,0.0392156862745098
19115,0.3333333333333333
7634,0.0784313725490196
22229,0.21568627450980393
26373,0.17647058823529413
3649,0.0
24513,0.0784313725490196
11943,0.27450980392156865
9195,0.09803921568627451
9068,0.7058823529411765
23527,0.23529411764705882
4895,0.13725490196078433
27158,0.09803921568627451
29443,0.21568627450980393
17031,0.8431372549019608
8262,0.19607843137254902
10359,0.09803921568627451
28237,0.0196078431372549
24002,0.3137254901960784
20520,0.09803921568627451
27248,0.13725490196078433
14600,0.13725490196078433
26666,0.0392156862745098
2223,0.058823529411764705
21437,0.23529411764705882
1084,0.13725490196078433
24426,0.058823529411764705
13660,0.8627450980392157
22439,0.0392156862745098
5250,0.6862745098039216
20946,0.11764705882352941
14130,0.09803921568627451
28477,0.1568627450980392
18995,0.21568627450980393
6920,0.17647058823529413
7826,0.09803921568627451
15141,0.09803921568627451
23986,0.0196078431372549
24045,0.11764705882352941
21121,0.27450980392156865
6016,0.49019607843137253
7949,0.11764705882352941
1299,0.19607843137254902
29104,0.7254901960784313
9327,0.1568627450980392
16103,0.0784313725490196
21118,0.13725490196078433
12768,0.0784313725490196
26548,0.058823529411764705
16477,0.09803921568627451
27243,0.0196078431372549
23259,0.11764705882352941
1379,0.39215686274509803
6709,0.0
9096,0.0
28492,0.27450980392156865
6130,0.13725490196078433
27680,0.1568627450980392
6543,0.11764705882352941
17242,0.21568627450980393
3191,0.23529411764705882
20601,0.19607843137254902
13851,0.11764705882352941
5340,0.0392156862745098
25500,0.1568627450980392
15793,0.13725490196078433
7391,0.09803921568627451
7283,0.3333333333333333
20401,0.17647058823529413
15452,0.17647058823529413
8850,0.09803921568627451
26338,0.13725490196078433
241,0.09803921568627451
7137,0.29411764705882354
24580,0.4117647058823529
12317,0.4117647058823529
18225,0.11764705882352941
24711,0.09803921568627451
21562,0.7450980392156863
23501,0.1568627450980392
24837,0.21568627450980393
21039,0.058823529411764705
2721,0.23529411764705882
4692,0.058823529411764705
4570,0.11764705882352941
17376,0.2549019607843137
13194,0.6274509803921569
3022,0.19607843137254902
28453,0.19607843137254902
26953,0.2549019607843137
593,0.7058823529411765
24598,0.27450980392156865
25319,0.09803921568627451
11709,0.058823529411764705
3772,0.13725490196078433
7657,0.7450980392156863
7412,0.47058823529411764
13303,0.47058823529411764
3254,0.17647058823529413
24722,0.1568627450980392
12172,0.13725490196078433
28076,0.1568627450980392
25613,0.19607843137254902
1782,0.3333333333333333
14758,0.13725490196078433
17874,0.17647058823529413
11463,0.1568627450980392
28007,0.2549019607843137
8425,0.19607843137254902
12854,0.1568627450980392
27020,0.1568627450980392
4634,0.7254901960784313
18589,0.058823529411764705
2214,0.6666666666666666
2841,0.058823529411764705
11779,0.2549019607843137
24329,0.13725490196078433
13229,0.058823529411764705
29281,0.1568627450980392
17204,0.11764705882352941
4714,0.19607843137254902
26351,0.19607843137254902
7297,0.0392156862745098
18962,0.058823529411764705
28413,0.7254901960784313
18729,0.1568627450980392
23261,0.0392156862745098
21583,0.1568627450980392
15379,0.11764705882352941
28532,0.058823529411764705
7330,0.13725490196078433
11050,0.5294117647058824
7978,0.09803921568627451
5715,0.13725490196078433
15832,0.0196078431372549
20791,0.23529411764705882
8756,0.7843137254901961
12134,0.13725490196078433
5655,0.29411764705882354
9741,0.0784313725490196
5342,0.19607843137254902
12219,0.8627450980392157
23920,0.13725490196078433
29075,0.058823529411764705
5523,0.17647058823529413
5236,0.11764705882352941
24500,0.09803921568627451
17186,0.17647058823529413
9989,0.09803921568627451
17758,0.09803921568627451
10331,0.23529411764705882
27848,0.21568627450980393
8017,0.23529411764705882
20198,0.2549019607843137
26677,0.058823529411764705
28447,0.5098039215686274
21486,0.11764705882352941
13371,0.17647058823529413
17359,0.3333333333333333
16588,0.0784313725490196
11722,0.0784313725490196
5695,0.1568627450980392
15197,0.13725490196078433
4596,0.11764705882352941
11242,0.11764705882352941
21740,0.7843137254901961
21212,0.11764705882352941
4424,0.17647058823529413
23509,0.1568627450980392
21494,0.1568627450980392
25082,0.11764705882352941
9944,0.058823529411764705
1825,0.21568627450980393
14329,0.11764705882352941
7437,0.17647058823529413
26552,0.7647058823529411
26768,0.13725490196078433
6688,0.17647058823529413
10113,0.17647058823529413
6477,0.1568627450980392
6717,0.27450980392156865
25326,0.3137254901960784
12543,0.49019607843137253
1964,0.19607843137254902
921,0.2549019607843137
1583,0.0196078431372549
14245,0.1568627450980392
10665,0.0392156862745098
18833,0.09803921568627451
13658,0.058823529411764705
26177,0.0784313725490196
26576,0.11764705882352941
17522,0.13725490196078433
16369,0.058823529411764705
11590,0.11764705882352941
26280,0.11764705882352941
17271,0.058823529411764705
14607,0.11764705882352941
26747,0.5686274509803921
25009,0.5098039215686274
18063,0.3137254901960784
19563,0.11764705882352941
15198,0.09803921568627451
22488,0.1568627450980392
21324,0.0784313725490196
18179,0.17647058823529413
8044,0.1568627450980392
26785,0.17647058823529413
21250,0.17647058823529413
27924,0.2549019607843137
22112,0.0
8726,0.3137254901960784
19767,0.7254901960784313
16610,0.6666666666666666
12521,0.19607843137254902
5816,0.1568627450980392
22411,0.0784313725490196
22880,0.11764705882352941
22400,0.09803921568627451
25625,0.09803921568627451
10464,0.0196078431372549
103,0.09803921568627451
25447,0.0
10045,0.11764705882352941
14084,0.19607843137254902
9062,0.09803921568627451
7597,0.0784313725490196
5984,0.09803921568627451
1408,0.11764705882352941
18629,0.17647058823529413
23238,0.1568627450980392
12016,0.6666666666666666
23954,0.09803921568627451
4257,0.1568627450980392
27543,0.11764705882352941
14022,0.0392156862745098
13930,0.0784313725490196
15384,0.29411764705882354
25320,0.09803921568627451
29101,0.7843137254901961
10535,0.058823529411764705
10210,0.09803921568627451
4000,0.0392156862745098
6460,0.0
22753,0.0196078431372549
9588,0.0784313725490196
4422,0.17647058823529413
19434,0.0784313725490196
17119,0.0392156862745098
12619,0.0784313725490196
6986,0.11764705882352941
1481,0.0196078431372549
12217,0.21568627450980393
13489,0.1568627450980392
6935,0.0784313725490196
26643,0.7058823529411765
11135,0.2549019607843137
28791,0.1568627450980392
27947,0.17647058823529413
11901,0.0784313725490196
15174,0.19607843137254902
2818,0.1568627450980392
17579,0.11764705882352941
5034,0.09803921568627451
13616,0.1568627450980392
22975,0.0392156862745098
29944,0.0196078431372549
2091,0.0392156862745098
29088,0.13725490196078433
6862,0.058823529411764705
8512,0.0784313725490196
19176,0.29411764705882354
4343,0.39215686274509803
14973,0.1568627450980392
20650,0.21568627450980393
24131,0.09803921568627451
29227,0.19607843137254902
6778,0.058823529411764705
15576,0.058823529411764705
7488,0.13725490196078433
23664,0.37254901960784315
6834,0.058823529411764705
18355,0.058823529411764705
19648,0.3333333333333333
5477,0.1568627450980392
4653,0.35294117647058826
19261,0.13725490196078433
15501,0.13725490196078433
14402,0.2549019607843137
7702,0.0784313725490196
11708,0.11764705882352941
12996,0.13725490196078433
5969,0.09803921568627451
18189,0.13725490196078433
24124,0.0196078431372549
11372,0.19607843137254902
6566,0.3333333333333333
13196,0.23529411764705882
4540,0.11764705882352941
24960,0.0392156862745098
1918,0.058823529411764705
2077,0.17647058823529413
20602,0.11764705882352941
8615,0.11764705882352941
3392,0.3137254901960784
21068,0.6078431372549019
29852,0.5490196078431373
28729,0.0784313725490196
20793,0.0392156862745098
12382,0.13725490196078433
19037,0.27450980392156865
26319,0.0392156862745098
2207,0.43137254901960786
25248,0.0784313725490196
20023,0.11764705882352941
11005,0.1568627450980392
25730,0.1568627450980392
21532,0.3333333333333333
21286,0.0392156862745098
25657,0.0196078431372549
19736,0.39215686274509803
12368,0.7647058823529411
20222,0.0784313725490196
20983,0.0392156862745098
20014,0.0784313725490196
7505,0.0784313725490196
8040,0.1568627450980392
10037,0.0784313725490196
2868,0.6274509803921569
28627,0.3137254901960784
10767,0.0
17630,0.17647058823529413
18611,0.058823529411764705
22375,0.19607843137254902
1845,0.09803921568627451
258,0.11764705882352941
16644,0.29411764705882354
24443,0.13725490196078433
17616,0.45098039215686275
8542,0.17647058823529413
4848,0.19607843137254902
7320,0.0196078431372549
2626,0.09803921568627451
15368,0.1568627450980392
11431,0.17647058823529413
2129,0.058823529411764705
23383,0.21568627450980393
27298,0.058823529411764705
15217,0.058823529411764705
21020,0.058823529411764705
19969,0.7058823529411765
14727,0.09803921568627451
4865,0.39215686274509803
18865,0.1568627450980392
2202,0.13725490196078433
5526,0.11764705882352941
3968,0.11764705882352941
11698,0.1568627450980392
28647,0.11764705882352941
20861,0.0392156862745098
14346,0.0196078431372549
9603,0.11764705882352941
718,0.6666666666666666
10578,0.2549019607843137
28784,0.21568627450980393
29684,0.0392156862745098
10130,0.29411764705882354
5855,0.0196078431372549
19811,0.6666666666666666
3418,0.11764705882352941
7334,0.2549019607843137
7890,0.0784313725490196
7923,0.5490196078431373
28051,0.058823529411764705
11,0.0
27179,0.11764705882352941
20176,0.13725490196078433
712,0.4117647058823529
27740,0.47058823529411764
14928,0.11764705882352941
20921,0.13725490196078433
21877,0.5882352941176471
2245,0.0784313725490196
28191,0.11764705882352941
8665,0.09803921568627451
13287,0.35294117647058826
434,0.45098039215686275
21317,0.13725490196078433
22391,0.1568627450980392
3028,0.09803921568627451
7658,0.17647058823529413
12730,0.13725490196078433
18251,0.45098039215686275
19855,0.09803921568627451
13683,0.13725490196078433
26010,0.09803921568627451
11760,0.09803921568627451
26987,0.7058823529411765
28335,0.0196078431372549
21661,0.21568627450980393
1535,0.11764705882352941
5583,0.09803921568627451
3210,0.5686274509803921
6089,0.17647058823529413
5408,0.19607843137254902
2078,0.5686274509803921
11639,0.13725490196078433
19517,0.7647058823529411
8588,0.7254901960784313
664,0.11764705882352941
1042,0.5882352941176471
23998,0.17647058823529413
18576,0.058823529411764705
25846,0.0196078431372549
2310,0.1568627450980392
23837,0.0196078431372549
22036,0.0392156862745098
12351,0.21568627450980393
28529,0.09803921568627451
22052,0.35294117647058826
7732,0.0196078431372549
13099,0.09803921568627451
1255,0.0392156862745098
2298,0.4117647058823529
20430,0.13725490196078433
17798,0.0784313725490196
8465,0.19607843137254902
8415,0.0784313725490196
26952,0.45098039215686275
16464,0.0784313725490196
1015,0.13725490196078433
29079,0.3137254901960784
5443,0.11764705882352941
7013,0.13725490196078433
55,0.19607843137254902
7786,0.11764705882352941
23130,0.0784313725490196
16354,0.5294117647058824
26219,0.09803921568627451
8478,0.1568627450980392
18932,0.17647058823529413
7259,0.09803921568627451
9498,0.21568627450980393
20438,0.09803921568627451
18158,0.21568627450980393
11949,0.19607843137254902
10515,0.09803921568627451
10378,0.1568627450980392
1079,0.19607843137254902
12472,0.0392156862745098
7714,0.13725490196078433
10057,0.0784313725490196
2282,0.0
9772,0.0784313725490196
15784,0.17647058823529413
23793,0.19607843137254902
22047,0.23529411764705882
5472,0.0784313725490196
3382,0.17647058823529413
18637,0.17647058823529413
9962,0.058823529411764705
18404,0.058823529411764705
19888,0.7843137254901961
9692,0.17647058823529413
5814,0.5098039215686274
10286,0.803921568627451
5262,0.13725490196078433
28289,0.1568627450980392
25271,0.13725490196078433
27371,0.19607843137254902
24612,0.0196078431372549
7010,0.21568627450980393
16601,0.0784313725490196
3159,0.0784313725490196
28805,0.13725490196078433
14081,0.0784313725490196
11904,0.0196078431372549
7974,0.13725490196078433
6088,0.1568627450980392
10980,0.058823529411764705
3278,0.0784313725490196
13920,0.09803921568627451
24053,0.7647058823529411
27187,0.3137254901960784
5430,0.1568627450980392
798,0.0
11244,0.23529411764705882
11315,0.11764705882352941
18326,0.803921568627451
2429,0.2549019607843137
12194,0.3137254901960784
14997,0.0392156862745098
5452,0.39215686274509803
24950,0.11764705882352941
14274,0.09803921568627451
5025,0.5686274509803921
5527,0.17647058823529413
29830,0.29411764705882354
23948,0.0784313725490196
27856,0.23529411764705882
4924,0.4117647058823529
3498,0.13725490196078433
23159,0.19607843137254902
29294,0.13725490196078433
25987,0.23529411764705882
2684,0.1568627450980392
13204,0.7647058823529411
21248,0.27450980392156865
776,0.17647058823529413
6450,0.0392156862745098
23666,0.5882352941176471
15427,0.6862745098039216
20062,0.0392156862745098
12975,0.17647058823529413
20423,0.21568627450980393
10423,0.09803921568627451
7904,0.6470588235294118
26726,0.11764705882352941
19172,0.09803921568627451
5656,0.27450980392156865
20036,0.058823529411764705
17425,0.058823529411764705
13917,0.13725490196078433
9597,0.13725490196078433
15151,0.17647058823529413
13988,0.0784313725490196
19676,0.0392156862745098
21367,0.19607843137254902
27513,0.11764705882352941
22668,0.17647058823529413
18456,0.6470588235294118
9159,0.17647058823529413
24255,0.058823529411764705
7879,0.2549019607843137
29057,0.0392156862745098
23552,0.23529411764705882
14527,0.43137254901960786
13923,0.09803921568627451
15497,0.0196078431372549
2931,0.5098039215686274
4633,0.3137254901960784
2741,0.17647058823529413
27031,0.0196078431372549
11173,0.13725490196078433
20967,0.5686274509803921
29085,0.19607843137254902
23698,0.11764705882352941
26559,0.17647058823529413
12618,0.17647058823529413
19551,0.3137254901960784
25768,0.6666666666666666
29528,0.058823529411764705
24949,0.5294117647058824
29577,0.11764705882352941
19804,0.17647058823529413
4482,0.35294117647058826
17709,0.11764705882352941
21380,0.5686274509803921
25884,0.0784313725490196
3279,0.5098039215686274
14712,0.11764705882352941
8924,0.13725490196078433
9400,0.11764705882352941
17726,0.7058823529411765
8063,0.058823529411764705
22279,0.11764705882352941
19101,0.7843137254901961
13874,0.11764705882352941
26702,0.27450980392156865
13236,0.0392156862745098
13390,0.21568627450980393
21208,0.23529411764705882
24062,0.37254901960784315
25199,0.09803921568627451
8765,0.6078431372549019
12066,0.17647058823529413
26753,0.13725490196078433
29161,0.11764705882352941
19351,0.0196078431372549
9518,0.17647058823529413
22131,0.0784313725490196
19250,0.6470588235294118
13911,0.17647058823529413
21091,0.17647058823529413
14197,0.11764705882352941
26252,0.13725490196078433
18345,0.39215686274509803
4628,0.0196078431372549
8793,0.2549019607843137
22559,0.6078431372549019
2423,0.21568627450980393
22001,0.0392156862745098
5358,0.09803921568627451
13445,0.058823529411764705
27957,0.19607843137254902
19214,0.21568627450980393
17115,0.058823529411764705
28916,0.2549019607843137
13676,0.23529411764705882
23316,0.17647058823529413
11048,0.17647058823529413
941,0.0392156862745098
5442,0.09803921568627451
18973,0.13725490196078433
1412,0.0
14831,0.43137254901960786
13059,0.2549019607843137
19684,0.5098039215686274
17126,0.21568627450980393
9889,0.19607843137254902
22507,0.5490196078431373
7021,0.11764705882352941
20922,0.17647058823529413
159,0.7254901960784313
19513,0.0392156862745098
7910,0.19607843137254902
28218,0.3333333333333333
22200,0.19607843137254902
8653,0.1568627450980392
10401,0.7058823529411765
10957,0.0392156862745098
20615,0.1568627450980392
13128,0.4117647058823529
23669,0.058823529411764705
25650,0.11764705882352941
5257,0.6274509803921569
29650,0.39215686274509803
22965,0.09803921568627451
8891,0.19607843137254902
8450,0.29411764705882354
25072,0.1568627450980392
19038,0.1568627450980392
14231,0.8235294117647058
6822,0.6274509803921569
27310,0.17647058823529413
16168,0.6470588235294118
11075,0.09803921568627451
5298,0.27450980392156865
3491,0.0
8760,0.0392156862745098
18689,0.4117647058823529
16937,0.13725490196078433
29959,0.058823529411764705
508,0.11764705882352941
23618,0.09803921568627451
12646,0.0392156862745098
2788,0.5686274509803921
18368,0.058823529411764705
9298,0.23529411764705882
6502,0.0392156862745098
14959,0.0392156862745098
27239,0.6666666666666666
277,0.11764705882352941
18049,0.21568627450980393
6303,0.11764705882352941
27194,0.19607843137254902
2396,0.0196078431372549
9296,0.09803921568627451
18946,0.058823529411764705
12873,0.6666666666666666
4650,0.0784313725490196
10847,0.0784313725490196
14650,0.29411764705882354
14212,0.058823529411764705
13506,0.0
4216,0.29411764705882354
5536,0.09803921568627451
8319,0.39215686274509803
1896,0.13725490196078433
29009,0.17647058823529413
27573,0.13725490196078433
18716,0.37254901960784315
21057,0.058823529411764705
13306,0.0392156862745098
2286,0.11764705882352941
17749,0.13725490196078433
8516,0.1568627450980392
24091,0.0392156862745098
5716,0.1568627450980392
29473,0.1568627450980392
17080,0.19607843137254902
5309,0.29411764705882354
2096,0.058823529411764705
16650,0.11764705882352941
17278,0.17647058823529413
1181,0.17647058823529413
16111,0.23529411764705882
5216,0.1568627450980392
13680,0.0392156862745098
17107,0.1568627450980392
27757,0.13725490196078433
25010,0.7254901960784313
7579,0.6274509803921569
29204,0.21568627450980393
17438,0.17647058823529413
28684,0.7254901960784313
15645,0.13725490196078433
1220,0.13725490196078433
24719,0.7058823529411765
24182,0.11764705882352941
21757,0.17647058823529413
8849,0.17647058823529413
9137,0.11764705882352941
18141,0.1568627450980392
24357,0.39215686274509803
10671,0.0392156862745098
2823,0.3137254901960784
7823,0.09803921568627451
21592,0.09803921568627451
14331,0.0784313725490196
1244,0.19607843137254902
7931,0.23529411764705882
20338,0.0784313725490196
29114,0.0784313725490196
7411,0.11764705882352941
27360,0.19607843137254902
29530,0.19607843137254902
29019,0.13725490196078433
26759,0.11764705882352941
883,0.13725490196078433
21579,0.8235294117647058
29308,0.17647058823529413
4317,0.19607843137254902
12065,0.29411764705882354
21421,0.1568627450980392
22969,0.2549019607843137
20304,0.13725490196078433
9049,0.35294117647058826
13456,0.3333333333333333
4362,0.09803921568627451
23412,0.5490196078431373
19102,0.29411764705882354
26116,0.19607843137254902
22580,0.21568627450980393
8882,0.21568627450980393
8797,0.6274509803921569
20516,0.1568627450980392
14175,0.5882352941176471
5202,0.09803921568627451
11976,0.11764705882352941
28284,0.0196078431372549
8317,0.0392156862745098
326,0.17647058823529413
8564,0.13725490196078433
23268,0.11764705882352941
29614,0.6078431372549019
8444,0.0196078431372549
4678,0.09803921568627451
19272,0.6666666666666666
26146,0.17647058823529413
29625,0.0392156862745098
11368,0.35294117647058826
25580,0.058823529411764705
4492,0.3137254901960784
17211,0.11764705882352941
27883,0.21568627450980393
10917,0.0392156862745098
350,0.7058823529411765
18403,0.09803921568627451
15220,0.11764705882352941
22544,0.2549019607843137
8753,0.13725490196078433
29070,0.5882352941176471
20364,0.09803921568627451
2513,0.1568627450980392
19349,0.11764705882352941
21225,0.09803921568627451
27314,0.5098039215686274
20999,0.1568627450980392
17585,0.7843137254901961
26919,0.6666666666666666
20414,0.058823529411764705
18459,0.0784313725490196
19536,0.11764705882352941
8341,0.0196078431372549
307,0.21568627450980393
10182,0.1568627450980392
7380,0.7843137254901961
11214,0.19607843137254902
15663,0.0392156862745098
19957,0.21568627450980393
6696,0.11764705882352941
27070,0.13725490196078433
17090,0.0784313725490196
26813,0.11764705882352941
29371,0.2549019607843137
20859,0.058823529411764705
23785,0.6274509803921569
7852,0.0784313725490196
1881,0.35294117647058826
1576,0.3137254901960784
8856,0.19607843137254902
8197,0.19607843137254902
26816,0.29411764705882354
10604,0.0784313725490196
29241,0.2549019607843137
27338,0.19607843137254902
12295,0.27450980392156865
12917,0.09803921568627451
27047,0.1568627450980392
5482,0.3333333333333333
13925,0.11764705882352941
17587,0.13725490196078433
3698,0.0784313725490196
13625,0.27450980392156865
17999,0.19607843137254902
6013,0.0392156862745098
25252,0.13725490196078433
27920,0.49019607843137253
17277,0.23529411764705882
7741,0.09803921568627451
11479,0.11764705882352941
25161,0.0196078431372549
24174,0.0196078431372549
27075,0.17647058823529413
147,0.0392156862745098
14216,0.13725490196078433
13894,0.35294117647058826
25013,0.058823529411764705
29739,0.27450980392156865
6806,0.29411764705882354
22038,0.0784313725490196
4646,0.27450980392156865
18215,0.17647058823529413
12604,0.19607843137254902
27283,0.0196078431372549
11272,0.2549019607843137
12611,0.0196078431372549
1803,0.1568627450980392
9799,0.0784313725490196
20424,0.1568627450980392
13340,0.0784313725490196
27340,0.2549019607843137
15372,0.6470588235294118
1676,0.1568627450980392
10596,0.21568627450980393
4320,0.5294117647058824
1955,0.5882352941176471
25128,0.11764705882352941
28527,0.11764705882352941
8278,0.1568627450980392
9514,0.058823529411764705
17365,0.0392156862745098
24128,0.0196078431372549
16089,0.13725490196078433
15144,0.11764705882352941
23921,0.13725490196078433
28610,0.13725490196078433
12690,0.5294117647058824
2976,0.13725490196078433
22417,0.0196078431372549
5411,0.5686274509803921
10524,0.058823529411764705
29797,0.058823529411764705
25167,0.0392156862745098
891,0.7843137254901961
842,0.27450980392156865
968,0.6274509803921569
25267,0.11764705882352941
20061,0.09803921568627451
18467,0.0196078431372549
22264,0.058823529411764705
4923,0.17647058823529413
12900,0.17647058823529413
11687,0.09803921568627451
17481,0.6470588235294118
26461,0.1568627450980392
19042,0.09803921568627451
20719,0.5686274509803921
6306,0.11764705882352941
19201,0.3333333333333333
9832,0.09803921568627451
1435,0.6274509803921569
12388,0.7647058823529411
28349,0.09803921568627451
20915,0.6274509803921569
24855,0.058823529411764705
6646,0.09803921568627451
2033,0.058823529411764705
25346,0.058823529411764705
15255,0.2549019607843137
576,0.0392156862745098
9805,0.09803921568627451
144,0.19607843137254902
129,0.13725490196078433
18596,0.1568627450980392
8085,0.17647058823529413
12780,0.1568627450980392
28820,0.0784313725490196
218,0.0784313725490196
11777,0.11764705882352941
20769,0.11764705882352941
21314,0.6274509803921569
1470,0.09803921568627451
12666,0.058823529411764705
3252,0.13725490196078433
8537,0.09803921568627451
10236,0.17647058823529413
20341,0.11764705882352941
16339,0.0392156862745098
1888,0.6274509803921569
19841,0.19607843137254902
25147,0.058823529411764705
12116,0.0784313725490196
10409,0.0196078431372549
18869,0.3137254901960784
23640,0.09803921568627451
3619,0.09803921568627451
6435,0.09803921568627451
5502,0.6862745098039216
9027,0.13725490196078433
11730,0.0196078431372549
2850,0.0784313725490196
27549,0.2549019607843137
5414,0.0
13011,0.13725490196078433
8441,0.058823529411764705
6703,0.17647058823529413
15370,0.0196078431372549
5708,0.6274509803921569
2383,0.23529411764705882
14969,0.21568627450980393
29089,0.058823529411764705
11185,0.11764705882352941
8377,0.0392156862745098
1570,0.3137254901960784
14443,0.21568627450980393
7415,0.0784313725490196
24905,0.35294117647058826
18009,0.45098039215686275
9065,0.0196078431372549
22150,0.7058823529411765
24657,0.0784313725490196
3116,0.0392156862745098
6686,0.7843137254901961
13950,0.058823529411764705
28609,0.17647058823529413
26036,0.27450980392156865
13599,0.5686274509803921
21041,0.19607843137254902
15852,0.5686274509803921
21119,0.2549019607843137
23557,0.0392156862745098
18726,0.23529411764705882
25253,0.0196078431372549
24369,0.1568627450980392
23848,0.19607843137254902
28504,0.0784313725490196
23275,0.1568627450980392
4945,0.0784313725490196
18065,0.0784313725490196
18568,0.11764705882352941
12649,0.11764705882352941
16338,0.17647058823529413
26513,0.11764705882352941
19367,0.11764705882352941
23270,0.1568627450980392
5572,0.09803921568627451
24940,0.3333333333333333
27831,0.17647058823529413
9201,0.1568627450980392
24435,0.058823529411764705
17194,0.13725490196078433
12717,0.058823529411764705
16764,0.13725490196078433
29702,0.0784313725490196
19976,0.0
6513,0.17647058823529413
17615,0.058823529411764705
5608,0.21568627450980393
18399,0.0784313725490196
11510,0.5490196078431373
13642,0.09803921568627451
8764,0.0784313725490196
27323,0.37254901960784315
9203,0.1568627450980392
8486,0.09803921568627451
28043,0.058823529411764705
314,0.7450980392156863
12566,0.058823529411764705
26185,0.11764705882352941
7141,0.17647058823529413
27765,0.058823529411764705
5041,0.21568627450980393
26641,0.09803921568627451
10499,0.7254901960784313
6257,0.21568627450980393
25173,0.21568627450980393
683,0.3137254901960784
9665,0.0392156862745098
10142,0.13725490196078433
9148,0.17647058823529413
7943,0.3137254901960784
8884,0.058823529411764705
11408,0.5882352941176471
15959,0.6078431372549019
7371,0.0784313725490196
20815,0.17647058823529413
10964,0.23529411764705882
4906,0.3137254901960784
16402,0.6862745098039216
11920,0.13725490196078433
6903,0.0196078431372549
24409,0.17647058823529413
12742,0.0784313725490196
8518,0.09803921568627451
1539,0.058823529411764705
28688,0.35294117647058826
19088,0.23529411764705882
24349,0.17647058823529413
12371,0.0784313725490196
14760,0.09803921568627451
897,0.3137254901960784
1161,0.1568627450980392
10792,0.0784313725490196
22182,0.0196078431372549
19429,0.0392156862745098
13787,0.13725490196078433
4921,0.27450980392156865
5924,0.5098039215686274
20752,0.21568627450980393
8144,0.09803921568627451
12155,0.19607843137254902
18515,0.058823529411764705
9579,0.0
5263,0.27450980392156865
4352,0.09803921568627451
17807,0.39215686274509803
24831,0.1568627450980392
6466,0.0784313725490196
2560,0.1568627450980392
8010,0.2549019607843137
19004,0.11764705882352941
29433,0.058823529411764705
20664,0.11764705882352941
2942,0.11764705882352941
377,0.058823529411764705
15381,0.19607843137254902
3155,0.35294117647058826
29935,0.09803921568627451
24570,0.13725490196078433
20906,0.09803921568627451
19092,0.0392156862745098
18585,0.11764705882352941
837,0.0784313725490196
7452,0.27450980392156865
112,0.1568627450980392
7596,0.3333333333333333
29018,0.0784313725490196
2993,0.21568627450980393
3819,0.11764705882352941
3016,0.1568627450980392
2459,0.17647058823529413
24910,0.803921568627451
17963,0.23529411764705882
2441,0.6666666666666666
428,0.23529411764705882
7827,0.09803921568627451
24027,0.09803921568627451
26562,0.11764705882352941
28825,0.058823529411764705
26270,0.0784313725490196
23334,0.11764705882352941
4055,0.13725490196078433
23351,0.11764705882352941
3731,0.0196078431372549
12928,0.5294117647058824
23502,0.058823529411764705
14303,0.11764705882352941
12721,0.1568627450980392
28488,0.058823529411764705
4858,0.2549019607843137
4268,0.11764705882352941
29909,0.2549019607843137
24541,0.11764705882352941
16841,0.1568627450980392
7610,0.0
17497,0.19607843137254902
21755,0.09803921568627451
12499,0.0196078431372549
13055,0.09803921568627451
8672,0.0392156862745098
25791,0.5294117647058824
17230,0.39215686274509803
28301,0.0784313725490196
27074,0.19607843137254902
22564,0.0196078431372549
22023,0.13725490196078433
29485,0.49019607843137253
6893,0.45098039215686275
1905,0.1568627450980392
11144,0.11764705882352941
11860,0.09803921568627451
4538,0.1568627450980392
12131,0.09803921568627451
8820,0.0
7929,0.21568627450980393
16461,0.6862745098039216
8589,0.6862745098039216
22152,0.2549019607843137
15322,0.29411764705882354
17696,0.3137254901960784
21679,0.13725490196078433
10844,0.13725490196078433
17369,0.058823529411764705
6353,0.0
14697,0.0
27764,0.11764705882352941
7050,0.0392156862745098
11979,0.27450980392156865
2116,0.09803921568627451
13987,0.17647058823529413
3748,0.6274509803921569
15014,0.1568627450980392
19359,0.1568627450980392
23693,0.0784313725490196
18183,0.17647058823529413
9635,0.47058823529411764
20329,0.09803921568627451
18023,0.5882352941176471
22742,0.0784313725490196
27998,0.7450980392156863
15023,0.1568627450980392
18462,0.0784313725490196
18547,0.5686274509803921
4078,0.29411764705882354
24489,0.058823529411764705
19372,0.6666666666666666
23068,0.0
5547,0.21568627450980393
10812,0.19607843137254902
24928,0.0196078431372549
22961,0.058823529411764705
2688,0.0
22387,0.5294117647058824
7587,0.2549019607843137
17347,0.0784313725490196
14380,0.1568627450980392
19744,0.0784313725490196
8796,0.17647058823529413
10771,0.058823529411764705
16159,0.058823529411764705
25701,0.058823529411764705
20606,0.23529411764705882
7009,0.13725490196078433
20010,0.11764705882352941
735,0.09803921568627451
8160,0.09803921568627451
21425,0.21568627450980393
6598,0.27450980392156865
17292,0.23529411764705882
18053,0.27450980392156865
25300,0.35294117647058826
26239,0.17647058823529413
16087,0.0196078431372549
9039,0.0392156862745098
6693,0.0784313725490196
25567,0.7843137254901961
9429,0.7254901960784313
26245,0.13725490196078433
18376,0.0196078431372549
22312,0.1568627450980392
22832,0.5294117647058824
20669,0.13725490196078433
26502,0.17647058823529413
24795,0.1568627450980392
6846,0.13725490196078433
19169,0.11764705882352941
14307,0.0392156862745098
12838,0.058823529411764705
26656,0.27450980392156865
13183,0.6470588235294118
28436,0.11764705882352941
5190,0.058823529411764705
21860,0.45098039215686275
2798,0.0392156862745098
29811,0.13725490196078433
11704,0.11764705882352941
2353,0.0784313725490196
13060,0.1568627450980392
4991,0.21568627450980393
5205,0.0392156862745098
8215,0.09803921568627451
2714,0.13725490196078433
5673,0.11764705882352941
1239,0.058823529411764705
26074,0.19607843137254902
5876,0.1568627450980392
13760,0.13725490196078433
13910,0.21568627450980393
9234,0.19607843137254902
1493,0.058823529411764705
26896,0.45098039215686275
21108,0.3137254901960784
27584,0.5294117647058824
13276,0.21568627450980393
26795,0.11764705882352941
16112,0.5882352941176471
17943,0.17647058823529413
10146,0.7058823529411765
5103,0.4117647058823529
4942,0.0196078431372549
14558,0.058823529411764705
25698,0.1568627450980392
13586,0.0196078431372549
26396,0.35294117647058826
15438,0.09803921568627451
13627,0.1568627450980392
5778,0.17647058823529413
3390,0.1568627450980392
9165,0.0784313725490196
23855,0.0196078431372549
12588,0.0196078431372549
20230,0.058823529411764705
25396,0.35294117647058826
7047,0.13725490196078433
5110,0.11764705882352941
22184,0.7450980392156863
7987,0.2549019607843137
16370,0.19607843137254902
9423,0.09803921568627451
19116,0.1568627450980392
6386,0.0784313725490196
24402,0.09803921568627451
28543,0.43137254901960786
14925,0.21568627450980393
25796,0.058823529411764705
28923,0.3137254901960784
12811,0.058823529411764705
13633,0.5294117647058824
22217,0.13725490196078433
5345,0.7058823529411765
21982,0.3137254901960784
3970,0.6470588235294118
22905,0.0392156862745098
21112,0.27450980392156865
7458,0.1568627450980392
13977,0.058823529411764705
2642,0.0784313725490196
3963,0.0392156862745098
8305,0.09803921568627451
3154,0.0784313725490196
2289,0.5490196078431373
14113,0.49019607843137253
11688,0.09803921568627451
25593,0.13725490196078433
20780,0.13725490196078433
1855,0.0196078431372549
4295,0.11764705882352941
24151,0.17647058823529413
17529,0.29411764705882354
4304,0.2549019607843137
19098,0.09803921568627451
17326,0.6470588235294118
24588,0.0392156862745098
59,0.09803921568627451
10512,0.21568627450980393
7849,0.058823529411764705
5081,0.0196078431372549
5475,0.09803921568627451
26765,0.29411764705882354
29821,0.09803921568627451
21698,0.13725490196078433
27933,0.2549019607843137
17067,0.0196078431372549
29955,0.17647058823529413
4556,0.23529411764705882
3332,0.13725490196078433
265,0.21568627450980393
7747,0.09803921568627451
21215,0.17647058823529413
12177,0.23529411764705882
19105,0.21568627450980393
998,0.058823529411764705
9156,0.0784313725490196
7351,0.17647058823529413
4684,0.5686274509803921
10250,0.0784313725490196
26733,0.058823529411764705
28989,0.17647058823529413
20883,0.13725490196078433
27280,0.09803921568627451
26012,0.1568627450980392
29503,0.0392156862745098
1126,0.11764705882352941
29195,0.058823529411764705
165,0.0196078431372549
28133,0.1568627450980392
9591,0.5686274509803921
28366,0.09803921568627451
6393,0.1568627450980392
25192,0.23529411764705882
21735,0.17647058823529413
12443,0.0196078431372549
28243,0.19607843137254902
25799,0.29411764705882354
9279,0.6666666666666666
7499,0.2549019607843137
7857,0.0784313725490196
28306,0.19607843137254902
13472,0.13725490196078433
19936,0.21568627450980393
27719,0.7450980392156863
8708,0.23529411764705882
20481,0.23529411764705882
27507,0.21568627450980393
25620,0.0392156862745098
19062,0.058823529411764705
4672,0.21568627450980393
24728,0.11764705882352941
16668,0.058823529411764705
27703,0.09803921568627451
3181,0.13725490196078433
14795,0.0392156862745098
10095,0.0
13412,0.0392156862745098
10860,0.0196078431372549
24646,0.23529411764705882
6911,0.0392156862745098
24457,0.5882352941176471
9217,0.39215686274509803
29926,0.5294117647058824
7848,0.0784313725490196
15136,0.0784313725490196
9659,0.37254901960784315
9063,0.5686274509803921
28026,0.35294117647058826
25286,0.0784313725490196
7581,0.3333333333333333
23730,0.0784313725490196
23420,0.1568627450980392
1974,0.3333333333333333
21391,0.058823529411764705
26494,0.0784313725490196
18653,0.27450980392156865
7599,0.09803921568627451
27763,0.058823529411764705
29672,0.1568627450980392
20232,0.09803921568627451
24537,0.37254901960784315
27981,0.0392156862745098
8873,0.0784313725490196
3248,0.7450980392156863
26582,0.0196078431372549
10940,0.23529411764705882
21122,0.058823529411764705
19857,0.0
8858,0.6666666666666666
23335,0.13725490196078433
12491,0.43137254901960786
2420,0.21568627450980393
27542,0.11764705882352941
11348,0.17647058823529413
2102,0.1568627450980392
19086,0.058823529411764705
26410,0.47058823529411764
16229,0.0196078431372549
6014,0.13725490196078433
14929,0.0196078431372549
27115,0.0196078431372549
29493,0.13725490196078433
26149,0.13725490196078433
28761,0.2549019607843137
2277,0.21568627450980393
24720,0.17647058823529413
18093,0.09803921568627451
26976,0.8627450980392157
16544,0.17647058823529413
8530,0.13725490196078433
29412,0.19607843137254902
755,0.35294117647058826
2725,0.6078431372549019
17378,0.0784313725490196
4144,0.21568627450980393
20408,0.35294117647058826
3631,0.3137254901960784
23586,0.0784313725490196
26467,0.0
19557,0.11764705882352941
24189,0.09803921568627451
28612,0.0784313725490196
22399,0.21568627450980393
20961,0.19607843137254902
18522,0.29411764705882354
24379,0.13725490196078433
10553,0.17647058823529413
1048,0.1568627450980392
2402,0.17647058823529413
1177,0.1568627450980392
20985,0.5490196078431373
27223,0.7647058823529411
24601,0.0392156862745098
7258,0.21568627450980393
22508,0.1568627450980392
5060,0.1568627450980392
3901,0.11764705882352941
9728,0.7450980392156863
23376,0.37254901960784315
26915,0.17647058823529413
13179,0.11764705882352941
15214,0.1568627450980392
10521,0.058823529411764705
23321,0.0392156862745098
23492,0.37254901960784315
28431,0.11764705882352941
10737,0.23529411764705882
23831,0.7843137254901961
28649,0.0196078431372549
5122,0.17647058823529413
8780,0.0784313725490196
15273,0.23529411764705882
12701,0.19607843137254902
13142,0.23529411764705882
26285,0.058823529411764705
29058,0.11764705882352941
4576,0.17647058823529413
3684,0.19607843137254902
4558,0.5490196078431373
20670,0.0
24167,0.6666666666666666
7370,0.11764705882352941
12102,0.0784313725490196
23459,0.058823529411764705
15772,0.21568627450980393
22684,0.27450980392156865
15294,0.7843137254901961
17519,0.0784313725490196
24793,0.0392156862745098
21528,0.17647058823529413
25756,0.0196078431372549
22829,0.1568627450980392
4809,0.7058823529411765
12451,0.0784313725490196
27917,0.058823529411764705
17799,0.2549019607843137
23195,0.09803921568627451
5023,0.6274509803921569
7756,0.11764705882352941
21,0.0196078431372549
2944,0.058823529411764705
27525,0.3137254901960784
5671,0.17647058823529413
10701,0.09803921568627451
12041,0.23529411764705882
6952,0.11764705882352941
1526,0.0784313725490196
21756,0.21568627450980393
4785,0.13725490196078433
16468,0.0392156862745098
17464,0.27450980392156865
29997,0.11764705882352941
17498,0.11764705882352941
4958,0.09803921568627451
2622,0.1568627450980392
27355,0.09803921568627451
23304,0.5098039215686274
1507,0.13725490196078433
20182,0.0392156862745098
19807,0.13725490196078433
28417,0.13725490196078433
26170,0.4117647058823529
1634,0.0784313725490196
6238,0.3137254901960784
5950,0.5294117647058824
10549,0.17647058823529413
18510,0.6470588235294118
19406,0.19607843137254902
16294,0.1568627450980392
6954,0.5686274509803921
4429,0.7450980392156863
20065,0.058823529411764705
21291,0.0784313725490196
3208,0.13725490196078433
22718,0.11764705882352941
6451,0.1568627450980392
18423,0.09803921568627451
22774,0.0392156862745098
21338,0.19607843137254902
25206,0.0392156862745098
23534,0.09803921568627451
4389,0.2549019607843137
7572,0.21568627450980393
19110,0.7058823529411765
9465,0.35294117647058826
15981,0.09803921568627451
15786,0.0392156862745098
2458,0.09803921568627451
7460,0.19607843137254902
28433,0.19607843137254902
29790,0.11764705882352941
22156,0.35294117647058826
2271,0.6470588235294118
15454,0.2549019607843137
8502,0.0784313725490196
27655,0.058823529411764705
10209,0.0392156862745098
8972,0.6470588235294118
27677,0.3137254901960784
26715,0.13725490196078433
21969,0.17647058823529413
9134,0.11764705882352941
17024,0.11764705882352941
14968,0.2549019607843137
5161,0.13725490196078433
27094,0.0784313725490196
21896,0.19607843137254902
4408,0.09803921568627451
7672,0.058823529411764705
21550,0.0784313725490196
4881,0.0196078431372549
19868,0.17647058823529413
21200,0.37254901960784315
18127,0.17647058823529413
1151,0.0196078431372549
1544,0.17647058823529413
5224,0.21568627450980393
1831,0.058823529411764705
26237,0.058823529411764705
3288,0.37254901960784315
28017,0.13725490196078433
26132,0.2549019607843137
15721,0.21568627450980393
21293,0.0196078431372549
4615,0.19607843137254902
14172,0.19607843137254902
23453,0.11764705882352941
13628,0.11764705882352941
20347,0.11764705882352941
22762,0.09803921568627451
7078,0.13725490196078433
4475,0.37254901960784315
13364,0.5882352941176471
16836,0.23529411764705882
18443,0.1568627450980392
10389,0.13725490196078433
5305,0.0784313725490196
19694,0.0392156862745098
9267,0.058823529411764705
18104,0.058823529411764705
2840,0.1568627450980392
6530,0.13725490196078433
24326,0.23529411764705882
7128,0.47058823529411764
3559,0.11764705882352941
20290,0.13725490196078433
6335,0.058823529411764705
21923,0.0
27669,0.5490196078431373
11418,0.09803921568627451
7015,0.09803921568627451
9242,0.17647058823529413
16699,0.7058823529411765
28804,0.09803921568627451
17163,0.0784313725490196
22354,0.17647058823529413
12340,0.37254901960784315
6288,0.09803921568627451
20812,0.058823529411764705
2546,0.11764705882352941
18850,0.13725490196078433
2051,0.1568627450980392
19546,0.13725490196078433
674,0.23529411764705882
27493,0.0196078431372549
13073,0.6666666666666666
7444,0.0784313725490196
27581,0.09803921568627451
22801,0.3137254901960784
1326,0.09803921568627451
18575,0.35294117647058826
9965,0.1568627450980392
10928,0.0784313725490196
24582,0.17647058823529413
12594,0.27450980392156865
6254,0.0392156862745098
29234,0.45098039215686275
28814,0.17647058823529413
3730,0.27450980392156865
15024,0.09803921568627451
21795,0.0784313725490196
25065,0.17647058823529413
18080,0.0196078431372549
5106,0.09803921568627451
1226,0.19607843137254902
11119,0.11764705882352941
18396,0.35294117647058826
17429,0.5490196078431373
6537,0.5686274509803921
29388,0.17647058823529413
119,0.0392156862745098
22629,0.19607843137254902
1457,0.11764705882352941
21670,0.17647058823529413
16435,0.1568627450980392
6830,0.7058823529411765
18908,0.23529411764705882
24269,0.1568627450980392
8894,0.0784313725490196
7716,0.0196078431372549
2708,0.0784313725490196
17945,0.09803921568627451
24727,0.6862745098039216
10049,0.6862745098039216
3699,0.0
16755,0.3333333333333333
17503,0.0784313725490196
28159,0.13725490196078433
29605,0.37254901960784315
10668,0.1568627450980392
29500,0.09803921568627451
26969,0.23529411764705882
14401,0.21568627450980393
23748,0.27450980392156865
26094,0.09803921568627451
29507,0.09803921568627451
18592,0.6862745098039216
5599,0.0784313725490196
15667,0.13725490196078433
21349,0.11764705882352941
26916,0.27450980392156865
63,0.058823529411764705
1993,0.7058823529411765
10243,0.5098039215686274
8346,0.7647058823529411
15882,0.11764705882352941
4560,0.13725490196078433
24933,0.2549019607843137
12818,0.0
10259,0.0
18658,0.13725490196078433
22538,0.0784313725490196
15566,0.11764705882352941
26107,0.8823529411764706
635,0.1568627450980392
26241,0.17647058823529413
7751,0.11764705882352941
14048,0.1568627450980392
16756,0.11764705882352941
14883,0.5686274509803921
27624,0.1568627450980392
7677,0.11764705882352941
2816,0.09803921568627451
27752,0.1568627450980392
14871,0.7254901960784313
16911,0.6078431372549019
12565,0.13725490196078433
22247,0.11764705882352941
22825,0.1568627450980392
19130,0.0784313725490196
943,0.19607843137254902
12157,0.23529411764705882
20523,0.0784313725490196
4022,0.17647058823529413
7983,0.17647058823529413
14261,0.5098039215686274
1536,0.0196078431372549
29756,0.0392156862745098
23481,0.11764705882352941
2472,0.13725490196078433
23471,0.0784313725490196
19549,0.49019607843137253
8567,0.058823529411764705
15036,0.0196078431372549
24669,0.21568627450980393
4013,0.11764705882352941
20325,0.3137254901960784
27217,0.0784313725490196
12433,0.0392156862745098
2503,0.7843137254901961
10804,0.0392156862745098
20890,0.13725490196078433
22657,0.0392156862745098
10825,0.0784313725490196
23732,0.21568627450980393
9346,0.0196078431372549
10044,0.23529411764705882
23813,0.11764705882352941
25323,0.21568627450980393
25554,0.27450980392156865
1501,0.0784313725490196
7068,0.1568627450980392
20720,0.13725490196078433
11735,0.7254901960784313
4318,0.7843137254901961
4537,0.29411764705882354
15495,0.17647058823529413
29894,0.11764705882352941
27495,0.3333333333333333
26067,0.0
5749,0.0784313725490196
22903,0.19607843137254902
27902,0.058823529411764705
4959,0.5294117647058824
14521,0.7058823529411765
28317,0.13725490196078433
16502,0.13725490196078433
24396,0.17647058823529413
16188,0.09803921568627451
6270,0.11764705882352941
15613,0.7450980392156863
14539,0.11764705882352941
28660,0.17647058823529413
4637,0.0392156862745098
3924,0.058823529411764705
29933,0.21568627450980393
29931,0.058823529411764705
24143,0.058823529411764705
15621,0.5882352941176471
9691,0.0196078431372549
20578,0.0392156862745098
1242,0.13725490196078433
19399,0.0784313725490196
16368,0.058823529411764705
13603,0.11764705882352941
266,0.6078431372549019
27146,0.0196078431372549
7368,0.0392156862745098
21692,0.21568627450980393
9714,0.1568627450980392
24963,0.19607843137254902
10295,0.23529411764705882
7863,0.058823529411764705
10990,0.39215686274509803
29301,0.49019607843137253
24633,0.13725490196078433
5184,0.11764705882352941
19297,0.17647058823529413
6972,0.27450980392156865
3823,0.27450980392156865
16218,0.0784313725490196
3634,0.13725490196078433
17170,0.21568627450980393
17161,0.1568627450980392
231,0.0784313725490196
6241,0.0784313725490196
27970,0.0392156862745098
6020,0.0784313725490196
381,0.2549019607843137
7071,0.23529411764705882
10445,0.0
25652,0.3137254901960784
8986,0.19607843137254902
15152,0.6470588235294118
2145,0.0784313725490196
14341,0.11764705882352941
12791,0.49019607843137253
8983,0.17647058823529413
22407,0.7450980392156863
11749,0.058823529411764705
28737,0.5490196078431373
18,0.09803921568627451
21165,0.13725490196078433
8054,0.058823529411764705
15496,0.11764705882352941
7608,0.7450980392156863
18939,0.45098039215686275
11648,0.5098039215686274
12570,0.3333333333333333
10902,0.17647058823529413
4725,0.11764705882352941
18021,0.0784313725490196
10017,0.35294117647058826
10034,0.17647058823529413
27358,0.5882352941176471
5658,0.19607843137254902
15896,0.3137254901960784
28799,0.058823529411764705
19423,0.35294117647058826
28656,0.0392156862745098
23214,0.0784313725490196
4032,0.1568627450980392
9923,0.0784313725490196
12239,0.0392156862745098
14101,0.43137254901960786
27044,0.0392156862745098
5434,0.13725490196078433
24563,0.11764705882352941
17917,0.7647058823529411
13049,0.23529411764705882
23617,0.6078431372549019
12012,0.11764705882352941
19966,0.2549019607843137
839,0.09803921568627451
29762,0.0196078431372549
8664,0.6274509803921569
522,0.2549019607843137
9911,0.0
15241,0.1568627450980392
5413,0.39215686274509803
17664,0.2549019607843137
4260,0.058823529411764705
6143,0.39215686274509803
1207,0.11764705882352941
3340,0.0
3260,0.19607843137254902
20588,0.35294117647058826
7470,0.21568627450980393
863,0.27450980392156865
18372,0.0196078431372549
25856,0.09803921568627451
13215,0.0196078431372549
19093,0.09803921568627451
7824,0.0392156862745098
16194,0.13725490196078433
11148,0.0784313725490196
23421,0.0392156862745098
3958,0.0392156862745098
16400,0.0196078431372549
27096,0.17647058823529413
17152,0.09803921568627451
8834,0.0784313725490196
4100,0.5490196078431373
10969,0.27450980392156865
16427,0.6666666666666666
29532,0.09803921568627451
1643,0.21568627450980393
24543,0.09803921568627451
1310,0.2549019607843137
19773,0.0784313725490196
17953,0.0784313725490196
11309,0.23529411764705882
16413,0.0196078431372549
29464,0.1568627450980392
3203,0.13725490196078433
8070,0.23529411764705882
8692,0.1568627450980392
3196,0.3333333333333333
21083,0.058823529411764705
20468,0.3333333333333333
26804,0.17647058823529413
13301,0.2549019607843137
23352,0.29411764705882354
13222,0.21568627450980393
21320,0.23529411764705882
9187,0.6470588235294118
16771,0.0
15430,0.6470588235294118
6418,0.09803921568627451
13722,0.21568627450980393
6752,0.11764705882352941
12182,0.13725490196078433
13384,0.5490196078431373
15107,0.17647058823529413
20537,0.058823529411764705
16005,0.0392156862745098
8008,0.0784313725490196
21540,0.1568627450980392
11791,0.058823529411764705
29832,0.11764705882352941
11719,0.058823529411764705
27773,0.23529411764705882
6916,0.11764705882352941
28373,0.5294117647058824
10026,0.09803921568627451
10300,0.29411764705882354
12805,0.1568627450980392
7804,0.0784313725490196
14787,0.0784313725490196
28830,0.8235294117647058
15650,0.7254901960784313
3952,0.0784313725490196
7828,0.1568627450980392
18397,0.13725490196078433
25351,0.13725490196078433
1458,0.6078431372549019
13486,0.1568627450980392
4157,0.13725490196078433
17817,0.29411764705882354
1553,0.17647058823529413
12931,0.09803921568627451
6163,0.13725490196078433
29105,0.0392156862745098
25057,0.17647058823529413
29,0.0392156862745098
16973,0.2549019607843137
15997,0.27450980392156865
11163,0.7843137254901961
24578,0.1568627450980392
22992,0.09803921568627451
26882,0.2549019607843137
29553,0.17647058823529413
29362,0.19607843137254902
28443,0.09803921568627451
24243,0.13725490196078433
12938,0.13725490196078433
8624,0.0784313725490196
4020,0.17647058823529413
6471,0.23529411764705882
25303,0.27450980392156865
21188,0.0784313725490196
74,0.11764705882352941
13379,0.2549019607843137
12233,0.27450980392156865
28155,0.0784313725490196
1477,0.09803921568627451
25432,0.27450980392156865
28838,0.0392156862745098
27410,0.17647058823529413
13681,0.0196078431372549
11982,0.11764705882352941
1120,0.17647058823529413
18490,0.0784313725490196
23343,0.13725490196078433
11316,0.1568627450980392
27454,0.7450980392156863
20978,0.21568627450980393
24883,0.0392156862745098
3729,0.09803921568627451
1386,0.09803921568627451
21627,0.17647058823529413
24813,0.0784313725490196
460,0.45098039215686275
26573,0.19607843137254902
29336,0.0784313725490196
26217,0.17647058823529413
10706,0.0392156862745098
11209,0.17647058823529413
2296,0.13725490196078433
26474,0.17647058823529413
13446,0.11764705882352941
17409,0.1568627450980392
10220,0.11764705882352941
16208,0.21568627450980393
7701,0.0196078431372549
13531,0.0784313725490196
29453,0.0196078431372549
23027,0.0196078431372549
7850,0.058823529411764705
21067,0.09803921568627451
1590,0.11764705882352941
27431,0.29411764705882354
25867,0.39215686274509803
15302,0.0784313725490196
18078,0.0784313725490196
20624,0.0392156862745098
14545,0.0196078431372549
1938,0.0392156862745098
20220,0.0196078431372549
29504,0.21568627450980393
26989,0.0784313725490196
19724,0.5882352941176471
16321,0.5882352941176471
18975,0.11764705882352941
28999,0.09803921568627451
21603,0.0784313725490196
2516,0.7843137254901961
10703,0.1568627450980392
9124,0.17647058823529413
22347,0.3333333333333333
20925,0.17647058823529413
27350,0.7647058823529411
12770,0.19607843137254902
11113,0.19607843137254902
9987,0.29411764705882354
9321,0.0784313725490196
24908,0.1568627450980392
896,0.0784313725490196
10505,0.0784313725490196
51,0.13725490196078433
8031,0.0784313725490196
8869,0.7450980392156863
4510,0.0784313725490196
14495,0.7843137254901961
11377,0.11764705882352941
29869,0.1568627450980392
20327,0.13725490196078433
4002,0.21568627450980393
18384,0.27450980392156865
18262,0.058823529411764705
18595,0.058823529411764705
15998,0.09803921568627451
3840,0.11764705882352941
26746,0.29411764705882354
26791,0.09803921568627451
29538,0.1568627450980392
8190,0.23529411764705882
9188,0.5294117647058824
3949,0.37254901960784315
245,0.1568627450980392
16174,0.09803921568627451
13494,0.13725490196078433
20305,0.17647058823529413
17590,0.09803921568627451
6465,0.11764705882352941
8743,0.0392156862745098
13671,0.058823529411764705
9842,0.0784313725490196
24155,0.13725490196078433
25239,0.058823529411764705
21938,0.6666666666666666
7060,0.0196078431372549
14683,0.0784313725490196
6793,0.27450980392156865
15481,0.1568627450980392
912,0.21568627450980393
14668,0.19607843137254902
8423,0.21568627450980393
10276,0.09803921568627451
14995,0.0784313725490196
17513,0.0784313725490196
10149,0.0196078431372549
19362,0.19607843137254902
28263,0.058823529411764705
19356,0.0784313725490196
21853,0.19607843137254902
7651,0.21568627450980393
14763,0.17647058823529413
6467,0.058823529411764705
28310,0.19607843137254902
21423,0.09803921568627451
3316,0.0784313725490196
23682,0.0392156862745098
10649,0.21568627450980393
17612,0.1568627450980392
5604,0.3333333333333333
28756,0.2549019607843137
25108,0.6470588235294118
16066,0.0784313725490196
21768,0.0392156862745098
27685,0.0392156862745098
1988,0.17647058823529413
9246,0.11764705882352941
4491,0.09803921568627451
17332,0.6470588235294118
16020,0.11764705882352941
18250,0.13725490196078433
3027,0.35294117647058826
21465,0.11764705882352941
5217,0.2549019607843137
22306,0.13725490196078433
2254,0.19607843137254902
16317,0.11764705882352941
8907,0.7843137254901961
28392,0.0784313725490196
2054,0.09803921568627451
23652,0.49019607843137253
15534,0.058823529411764705
10336,0.09803921568627451
22918,0.17647058823529413
2758,0.6862745098039216
21170,0.23529411764705882
6179,0.19607843137254902
15070,0.21568627450980393
20084,0.6666666666666666
18203,0.19607843137254902
26549,0.058823529411764705
3321,0.803921568627451
3307,0.13725490196078433
7584,0.13725490196078433
17113,0.13725490196078433
22655,0.0784313725490196
29866,0.3333333333333333
6605,0.0392156862745098
22232,0.058823529411764705
13826,0.09803921568627451
13443,0.13725490196078433
23050,0.19607843137254902
23417,0.058823529411764705
15633,0.21568627450980393
4366,0.29411764705882354
1135,0.17647058823529413
25739,0.13725490196078433
14098,0.13725490196078433
23057,0.0784313725490196
18106,0.1568627450980392
8877,0.1568627450980392
11008,0.19607843137254902
20217,0.0392156862745098
190,0.0784313725490196
3209,0.11764705882352941
22088,0.09803921568627451
14674,0.0392156862745098
10342,0.0196078431372549
18569,0.27450980392156865
19793,0.0392156862745098
6898,0.35294117647058826
1451,0.7254901960784313
3701,0.7058823529411765
25642,0.17647058823529413
2470,0.0196078431372549
1338,0.11764705882352941
1677,0.058823529411764705
515,0.0784313725490196
3555,0.19607843137254902
18757,0.19607843137254902
24112,0.27450980392156865
11120,0.0784313725490196
24648,0.0
9421,0.23529411764705882
19641,0.09803921568627451
21321,0.7647058823529411
5151,0.0784313725490196
935,0.803921568627451
5990,0.6862745098039216
4058,0.13725490196078433
8523,0.5098039215686274
29932,0.09803921568627451
19368,0.058823529411764705
26665,0.7450980392156863
2534,0.13725490196078433
6980,0.3333333333333333
24504,0.09803921568627451
11468,0.0196078431372549
8742,0.09803921568627451
12922,0.0784313725490196
15935,0.058823529411764705
12015,0.058823529411764705
23485,0.5882352941176471
1298,0.7450980392156863
4970,0.11764705882352941
7611,0.0196078431372549
9616,0.09803921568627451
13763,0.0784313725490196
12852,0.09803921568627451
1554,0.058823529411764705
14622,0.21568627450980393
27906,0.3137254901960784
7446,0.09803921568627451
9403,0.11764705882352941
8485,0.5882352941176471
16716,0.1568627450980392
26156,0.11764705882352941
1924,0.1568627450980392
16881,0.17647058823529413
212,0.09803921568627451
5022,0.1568627450980392
18934,0.37254901960784315
18843,0.17647058823529413
26071,0.13725490196078433
1842,0.2549019607843137
5742,0.0392156862745098
4953,0.13725490196078433
19621,0.0
8154,0.0784313725490196
15673,0.19607843137254902
1879,0.21568627450980393
12106,0.1568627450980392
28749,0.17647058823529413
18631,0.5490196078431373
513,0.5686274509803921
4950,0.19607843137254902
27754,0.058823529411764705
19283,0.8235294117647058
1655,0.1568627450980392
5463,0.058823529411764705
19039,0.1568627450980392
3311,0.13725490196078433
1609,0.21568627450980393
3956,0.5490196078431373
7700,0.0784313725490196
13070,0.13725490196078433
20727,0.0784313725490196
22987,0.13725490196078433
637,0.21568627450980393
3271,0.13725490196078433
21035,0.13725490196078433
8224,0.0784313725490196
9726,0.39215686274509803
22695,0.6470588235294118
29364,0.11764705882352941
4505,0.0392156862745098
27792,0.0784313725490196
13198,0.3333333333333333
20471,0.11764705882352941
6792,0.17647058823529413
29964,0.17647058823529413
8270,0.11764705882352941
15253,0.058823529411764705
10574,0.0784313725490196
10796,0.0784313725490196
21548,0.0
22651,0.09803921568627451
14006,0.803921568627451
1050,0.09803921568627451
1069,0.09803921568627451
12384,0.803921568627451
22598,0.29411764705882354
15230,0.11764705882352941
19977,0.058823529411764705
7114,0.2549019607843137
10930,0.3137254901960784
8860,0.0
21945,0.1568627450980392
6009,0.0392156862745098
4948,0.0196078431372549
11241,0.35294117647058826
9309,0.0784313725490196
4973,0.09803921568627451
24023,0.0784313725490196
4210,0.7450980392156863
22887,0.058823529411764705
22215,0.19607843137254902
6749,0.0784313725490196
13311,0.39215686274509803
3845,0.3137254901960784
957,0.11764705882352941
27328,0.7450980392156863
13393,0.17647058823529413
25146,0.35294117647058826
12843,0.6078431372549019
6617,0.13725490196078433
6287,0.09803921568627451
11098,0.5294117647058824
8336,0.39215686274509803
27568,0.09803921568627451
27261,0.09803921568627451
14184,0.1568627450980392
18938,0.058823529411764705
6193,0.11764705882352941
23845,0.803921568627451
10191,0.27450980392156865
29128,0.7450980392156863
1959,0.0
29875,0.058823529411764705
19695,0.13725490196078433
22146,0.37254901960784315
11149,0.0392156862745098
7388,0.0196078431372549
18209,0.35294117647058826
20540,0.2549019607843137
8107,0.6470588235294118
8881,0.1568627450980392
17410,0.09803921568627451
11788,0.39215686274509803
26962,0.058823529411764705
29365,0.0392156862745098
20524,0.13725490196078433
11058,0.0784313725490196
5675,0.37254901960784315
14499,0.09803921568627451
8750,0.0392156862745098
19369,0.0392156862745098
14367,0.0784313725490196
5564,0.13725490196078433
17081,0.0784313725490196
11319,0.0392156862745098
11602,0.0196078431372549
12088,0.13725490196078433
28231,0.0784313725490196
20139,0.23529411764705882
7034,0.3137254901960784
24725,0.13725490196078433
20379,0.0784313725490196
7001,0.11764705882352941
18948,0.0392156862745098
2981,0.27450980392156865
16713,0.5882352941176471
21404,0.0392156862745098
29974,0.17647058823529413
15277,0.0784313725490196
29276,0.37254901960784315
17018,0.13725490196078433
8193,0.0784313725490196
9644,0.21568627450980393
27743,0.0392156862745098
8253,0.19607843137254902
8838,0.11764705882352941
20984,0.23529411764705882
20373,0.3137254901960784
29193,0.7450980392156863
26844,0.6666666666666666
77,0.0392156862745098
16232,0.17647058823529413
5363,0.09803921568627451
13807,0.13725490196078433
15515,0.11764705882352941
28931,0.21568627450980393
4094,0.37254901960784315
21529,0.3333333333333333
23441,0.0196078431372549
1418,0.17647058823529413
12532,0.0392156862745098
296,0.6078431372549019
12889,0.0392156862745098
26271,0.29411764705882354
7061,0.1568627450980392
14977,0.0392156862745098
25535,0.058823529411764705
13974,0.0784313725490196
23524,0.11764705882352941
17791,0.6862745098039216
11690,0.09803921568627451
6597,0.0
12000,0.09803921568627451
25950,0.23529411764705882
2446,0.7254901960784313
15122,0.0784313725490196
25164,0.45098039215686275
10822,0.0784313725490196
2000,0.0784313725490196
23803,0.09803921568627451
21575,0.09803921568627451
5091,0.058823529411764705
24558,0.5882352941176471
8865,0.0784313725490196
24301,0.0392156862745098
2047,0.09803921568627451
20691,0.0784313725490196
10004,0.17647058823529413
18972,0.21568627450980393
25853,0.29411764705882354
17366,0.11764705882352941
21231,0.09803921568627451
21087,0.0392156862745098
20284,0.0784313725490196
13721,0.0392156862745098
27085,0.13725490196078433
23856,0.11764705882352941
25033,0.7843137254901961
26039,0.058823529411764705
27439,0.19607843137254902
10519,0.6470588235294118
6029,0.0784313725490196
22934,0.058823529411764705
20825,0.45098039215686275
25040,0.47058823529411764
6689,0.0784313725490196
9627,0.058823529411764705
1952,0.09803921568627451
28002,0.37254901960784315
22046,0.0784313725490196
2880,0.21568627450980393
24735,0.5294117647058824
28389,0.058823529411764705
5517,0.4117647058823529
9549,0.17647058823529413
9277,0.2549019607843137
913,0.21568627450980393
19526,0.11764705882352941
28240,0.29411764705882354
8913,0.21568627450980393
9577,0.0784313725490196
14976,0.13725490196078433
27016,0.7058823529411765
14856,0.11764705882352941
23090,0.5882352941176471
8370,0.17647058823529413
5719,0.17647058823529413
10830,0.11764705882352941
26563,0.7647058823529411
16498,0.803921568627451
14518,0.09803921568627451
4148,0.09803921568627451
28666,0.21568627450980393
19021,0.09803921568627451
9135,0.09803921568627451
1166,0.0784313725490196
29992,0.35294117647058826
17240,0.1568627450980392
26005,0.058823529411764705
2779,0.19607843137254902
76,0.0392156862745098
14504,0.8627450980392157
23708,0.0784313725490196
18765,0.47058823529411764
17180,0.11764705882352941
6036,0.21568627450980393
22242,0.11764705882352941
8734,0.47058823529411764
11866,0.11764705882352941
6480,0.13725490196078433
12337,0.21568627450980393
14258,0.13725490196078433
6668,0.0784313725490196
20090,0.39215686274509803
5580,0.0392156862745098
10849,0.23529411764705882
2906,0.09803921568627451
20814,0.058823529411764705
24403,0.0784313725490196
8198,0.13725490196078433
8879,0.09803921568627451
25812,0.6470588235294118
5148,0.21568627450980393
9479,0.5294117647058824
29042,0.21568627450980393
28833,0.13725490196078433
7019,0.09803921568627451
860,0.058823529411764705
24891,0.09803921568627451
15763,0.23529411764705882
692,0.27450980392156865
4072,0.17647058823529413
23711,0.3137254901960784
26922,0.058823529411764705
18859,0.37254901960784315
22665,0.11764705882352941
5849,0.1568627450980392
7808,0.0392156862745098
9592,0.13725490196078433
7805,0.7450980392156863
11939,0.09803921568627451
29121,0.0196078431372549
19501,0.21568627450980393
16866,0.7843137254901961
27860,0.19607843137254902
9874,0.058823529411764705
20920,0.19607843137254902
15996,0.1568627450980392
16523,0.17647058823529413
14436,0.17647058823529413
24685,0.11764705882352941
7286,0.09803921568627451
14922,0.0392156862745098
25483,0.23529411764705882
4467,0.8627450980392157
4903,0.13725490196078433
20189,0.3137254901960784
22853,0.058823529411764705
4762,0.0784313725490196
8525,0.45098039215686275
18807,0.23529411764705882
29792,0.13725490196078433
22404,0.23529411764705882
21230,0.19607843137254902
28692,0.0392156862745098
28377,0.29411764705882354
26011,0.13725490196078433
11278,0.7843137254901961
10787,0.3137254901960784
25722,0.11764705882352941
15398,0.13725490196078433
29492,0.0784313725490196
18825,0.47058823529411764
18725,0.11764705882352941
5004,0.058823529411764705
2860,0.11764705882352941
10554,0.09803921568627451
13731,0.13725490196078433
19047,0.058823529411764705
29823,0.0784313725490196
2793,0.0392156862745098
20011,0.47058823529411764
12989,0.27450980392156865
10080,0.11764705882352941
2227,0.29411764705882354
16501,0.0784313725490196
24708,0.09803921568627451
10625,0.0784313725490196
28998,0.1568627450980392
26940,0.19607843137254902
647,0.0784313725490196
7123,0.23529411764705882
8596,0.058823529411764705
11614,0.2549019607843137
6421,0.19607843137254902
28132,0.13725490196078433
22497,0.7058823529411765
2904,0.058823529411764705
936,0.09803921568627451
7064,0.17647058823529413
11707,0.1568627450980392
3994,0.3333333333333333
28039,0.09803921568627451
16310,0.11764705882352941
27082,0.13725490196078433
24335,0.6862745098039216
2951,0.17647058823529413
3386,0.27450980392156865
22483,0.0784313725490196
22662,0.0784313725490196
17975,0.11764705882352941
18029,0.0196078431372549
3685,0.37254901960784315
11304,0.29411764705882354
11457,0.19607843137254902
22422,0.0784313725490196
9851,0.1568627450980392
27327,0.5882352941176471
19809,0.5490196078431373
10213,0.1568627450980392
2611,0.29411764705882354
7798,0.803921568627451
23600,0.058823529411764705
10898,0.09803921568627451
21476,0.058823529411764705
9653,0.13725490196078433
22265,0.09803921568627451
19658,0.43137254901960786
6684,0.5490196078431373
17551,0.058823529411764705
25926,0.4117647058823529
3937,0.27450980392156865
8704,0.058823529411764705
3516,0.39215686274509803
3438,0.2549019607843137
17350,0.0392156862745098
12423,0.1568627450980392
1933,0.0392156862745098
9959,0.0784313725490196
18296,0.09803921568627451
13888,0.3137254901960784
13702,0.058823529411764705
11308,0.13725490196078433
13766,0.058823529411764705
160,0.17647058823529413
3598,0.1568627450980392
9860,0.11764705882352941
4840,0.3137254901960784
21656,0.1568627450980392
24246,0.5686274509803921
24313,0.23529411764705882
1848,0.0784313725490196
7785,0.058823529411764705
21649,0.11764705882352941
9007,0.7254901960784313
20299,0.39215686274509803
9982,0.0392156862745098
8517,0.29411764705882354
13978,0.09803921568627451
4751,0.19607843137254902
23853,0.23529411764705882
17530,0.11764705882352941
3749,0.09803921568627451
4934,0.13725490196078433
12395,0.0196078431372549
6681,0.21568627450980393
26906,0.6078431372549019
9047,0.0196078431372549
24048,0.7254901960784313
13277,0.11764705882352941
6892,0.0196078431372549
28472,0.3137254901960784
7059,0.11764705882352941
7207,0.13725490196078433
26772,0.47058823529411764
7084,0.2549019607843137
9536,0.058823529411764705
6855,0.13725490196078433
523,0.19607843137254902
8560,0.21568627450980393
19581,0.6470588235294118
4609,0.09803921568627451
21688,0.11764705882352941
26079,0.6862745098039216
4807,0.6666666666666666
8393,0.19607843137254902
20081,0.13725490196078433
4388,0.13725490196078433
9859,0.1568627450980392
3996,0.1568627450980392
21507,0.0
11714,0.0196078431372549
13503,0.29411764705882354
4249,0.5098039215686274
7707,0.0784313725490196
24741,0.09803921568627451
15970,0.11764705882352941
11099,0.7843137254901961
23882,0.19607843137254902
1109,0.11764705882352941
16709,0.19607843137254902
3151,0.058823529411764705
13780,0.2549019607843137
23520,0.09803921568627451
13193,0.29411764705882354
11440,0.0784313725490196
14592,0.058823529411764705
27617,0.09803921568627451
24442,0.19607843137254902
11012,0.13725490196078433
14500,0.17647058823529413
19617,0.0784313725490196
13952,0.058823529411764705
9384,0.11764705882352941
20908,0.27450980392156865
7292,0.0196078431372549
29698,0.11764705882352941
27628,0.17647058823529413
1628,0.058823529411764705
13028,0.1568627450980392
24944,0.5490196078431373
11666,0.0784313725490196
1341,0.23529411764705882
4996,0.35294117647058826
6232,0.17647058823529413
15898,0.09803921568627451
3679,0.09803921568627451
4219,0.5686274509803921
26863,0.11764705882352941
10538,0.19607843137254902
27461,0.7843137254901961
3627,0.6078431372549019
10598,0.1568627450980392
18693,0.2549019607843137
10705,0.0392156862745098
14502,0.5490196078431373
25676,0.13725490196078433
600,0.27450980392156865
17309,0.09803921568627451
8339,0.13725490196078433
7132,0.0784313725490196
18162,0.21568627450980393
9306,0.6470588235294118
11411,0.17647058823529413
21105,0.0392156862745098
16829,0.11764705882352941
8714,0.2549019607843137
23182,0.09803921568627451
21214,0.058823529411764705
2450,0.17647058823529413
20972,0.058823529411764705
11987,0.0784313725490196
20277,0.3137254901960784
29945,0.0196078431372549
10764,0.0196078431372549
5635,0.17647058823529413
28049,0.13725490196078433
6969,0.1568627450980392
12734,0.0784313725490196
18791,0.21568627450980393
20269,0.45098039215686275
12751,0.21568627450980393
26774,0.0196078431372549
1510,0.1568627450980392
5149,0.09803921568627451
11891,0.23529411764705882
15942,0.09803921568627451
4064,0.1568627450980392
13095,0.0784313725490196
10240,0.23529411764705882
14814,0.47058823529411764
11692,0.09803921568627451
8138,0.09803921568627451
26077,0.21568627450980393
6710,0.0392156862745098
14033,0.0392156862745098
16894,0.0784313725490196
23389,0.058823529411764705
20905,0.19607843137254902
17221,0.1568627450980392
14242,0.13725490196078433
4756,0.21568627450980393
4829,0.6666666666666666
4266,0.13725490196078433
17642,0.0784313725490196
15349,0.19607843137254902
25023,0.17647058823529413
6998,0.23529411764705882
21390,0.11764705882352941
27296,0.09803921568627451
7366,0.058823529411764705
20464,0.37254901960784315
28273,0.13725490196078433
9775,0.13725490196078433
16972,0.1568627450980392
4655,0.7647058823529411
19217,0.5098039215686274
1812,0.3333333333333333
16824,0.17647058823529413
24179,0.0784313725490196
25289,0.21568627450980393
9724,0.09803921568627451
21204,0.3333333333333333
27544,0.11764705882352941
20774,0.27450980392156865
19481,0.19607843137254902
16515,0.35294117647058826
14364,0.6078431372549019
23443,0.11764705882352941
23731,0.45098039215686275
269,0.13725490196078433
11352,0.5686274509803921
24797,0.6078431372549019
4204,0.09803921568627451
20119,0.7647058823529411
23272,0.0196078431372549
13585,0.1568627450980392
24121,0.0392156862745098
19280,0.27450980392156865
28831,0.0392156862745098
17062,0.23529411764705882
6166,0.21568627450980393
27868,0.7450980392156863
947,0.6274509803921569
4350,0.11764705882352941
11343,0.1568627450980392
21264,0.11764705882352941
26455,0.5098039215686274
19742,0.09803921568627451
19417,0.1568627450980392
29340,0.09803921568627451
3912,0.11764705882352941
3217,0.09803921568627451
8509,0.19607843137254902
7564,0.13725490196078433
28561,0.13725490196078433
28664,0.29411764705882354
23945,0.09803921568627451
8398,0.13725490196078433
498,0.7450980392156863
3896,0.17647058823529413
9752,0.29411764705882354
2195,0.058823529411764705
11028,0.17647058823529413
21582,0.19607843137254902
16849,0.058823529411764705
12162,0.13725490196078433
28893,0.11764705882352941
12469,0.5882352941176471
17038,0.5098039215686274
585,0.23529411764705882
9891,0.29411764705882354
8404,0.17647058823529413
4584,0.13725490196078433
21384,0.1568627450980392
1573,0.17647058823529413
22586,0.4117647058823529
8062,0.1568627450980392
8872,0.11764705882352941
12327,0.43137254901960786
297,0.19607843137254902
24406,0.5686274509803921
5811,0.058823529411764705
23203,0.0196078431372549
13890,0.3137254901960784
24991,0.2549019607843137
186,0.058823529411764705
14649,0.0
8719,0.13725490196078433
10325,0.11764705882352941
12183,0.7647058823529411
14725,0.0392156862745098
8035,0.0784313725490196
22297,0.29411764705882354
23648,0.17647058823529413
8099,0.09803921568627451
20857,0.17647058823529413
16133,0.803921568627451
15134,0.0784313725490196
24866,0.11764705882352941
17329,0.09803921568627451
9129,0.09803921568627451
3490,0.09803921568627451
27687,0.19607843137254902
26243,0.09803921568627451
10739,0.13725490196078433
20991,0.0392156862745098
28178,0.0
5251,0.6666666666666666
16270,0.7254901960784313
18955,0.0392156862745098
19171,0.6274509803921569
315,0.5294117647058824
8948,0.09803921568627451
9841,0.2549019607843137
26556,0.13725490196078433
4487,0.0392156862745098
22956,0.0196078431372549
28696,0.5294117647058824
25984,0.058823529411764705
3055,0.27450980392156865
6370,0.0392156862745098
9192,0.5686274509803921
13264,0.0784313725490196
12198,0.23529411764705882
19348,0.3333333333333333
13938,0.23529411764705882
26172,0.13725490196078433
5908,0.19607843137254902
19915,0.19607843137254902
6756,0.2549019607843137
3267,0.0392156862745098
26647,0.0196078431372549
17131,0.13725490196078433
5733,0.1568627450980392
3568,0.17647058823529413
16678,0.2549019607843137
18862,0.1568627450980392
18054,0.6078431372549019
22128,0.11764705882352941
3506,0.17647058823529413
7769,0.0784313725490196
11895,0.1568627450980392
11993,0.1568627450980392
7703,0.09803921568627451
16456,0.11764705882352941
8289,0.058823529411764705
17502,0.19607843137254902
425,0.19607843137254902
10912,0.058823529411764705
27818,0.17647058823529413
18124,0.5294117647058824
9347,0.49019607843137253
6527,0.0392156862745098
29824,0.2549019607843137
17992,0.11764705882352941
8332,0.0784313725490196
9548,0.11764705882352941
1571,0.09803921568627451
29217,0.3333333333333333
1471,0.11764705882352941
27105,0.1568627450980392
4978,0.17647058823529413
19824,0.17647058823529413
8158,0.5686274509803921
8362,0.0784313725490196
10836,0.058823529411764705
1469,0.21568627450980393
14638,0.09803921568627451
26348,0.0392156862745098
10831,0.13725490196078433
22259,0.17647058823529413
23563,0.19607843137254902
9978,0.35294117647058826
15581,0.19607843137254902
21313,0.19607843137254902
10485,0.1568627450980392
27071,0.1568627450980392
12550,0.09803921568627451
13231,0.27450980392156865
7230,0.29411764705882354
12696,0.2549019607843137
20818,0.058823529411764705
9679,0.17647058823529413
118,0.11764705882352941
28499,0.09803921568627451
2674,0.6078431372549019
19248,0.21568627450980393
672,0.21568627450980393
3477,0.13725490196078433
8239,0.19607843137254902
2594,0.0784313725490196
10599,0.19607843137254902
14430,0.7647058823529411
28015,0.1568627450980392
7461,0.13725490196078433
24557,0.6470588235294118
329,0.37254901960784315
19942,0.13725490196078433
24651,0.0784313725490196
5703,0.13725490196078433
19122,0.45098039215686275
932,0.35294117647058826
25110,0.45098039215686275
4960,0.13725490196078433
19877,0.6274509803921569
18219,0.11764705882352941
9001,0.3137254901960784
14042,0.2549019607843137
100,0.11764705882352941
6931,0.0784313725490196
2872,0.23529411764705882
3800,0.6470588235294118
11169,0.17647058823529413
22313,0.21568627450980393
18927,0.0196078431372549
4088,0.5294117647058824
27843,0.17647058823529413
11630,0.09803921568627451
7223,0.29411764705882354
18533,0.1568627450980392
1826,0.1568627450980392
2094,0.0196078431372549
15081,0.27450980392156865
24268,0.0392156862745098
17289,0.3333333333333333
11523,0.0392156862745098
24093,0.1568627450980392
288,0.803921568627451
15740,0.13725490196078433
24035,0.21568627450980393
430,0.27450980392156865
1779,0.5686274509803921
10664,0.19607843137254902
12229,0.3333333333333333
476,0.11764705882352941
18947,0.5882352941176471
29393,0.8235294117647058
4344,0.0784313725490196
17220,0.19607843137254902
517,0.29411764705882354
19654,0.6078431372549019
25913,0.17647058823529413
29754,0.058823529411764705
22071,0.6470588235294118
9395,0.5294117647058824
11486,0.0196078431372549
16685,0.0784313725490196
24169,0.09803921568627451
21644,0.17647058823529413
0,0.0392156862745098
11921,0.23529411764705882
13026,0.7647058823529411
19593,0.09803921568627451
4966,0.23529411764705882
21171,0.23529411764705882
10766,0.21568627450980393
23958,0.19607843137254902
17993,0.29411764705882354
7909,0.1568627450980392
15453,0.058823529411764705
7959,0.11764705882352941
28934,0.09803921568627451
17627,0.058823529411764705
23784,0.0392156862745098
22440,0.2549019607843137
29401,0.47058823529411764
10294,0.5686274509803921
12906,0.0784313725490196
17202,0.09803921568627451
22048,0.0784313725490196
22054,0.19607843137254902
8853,0.17647058823529413
27793,0.19607843137254902
28701,0.2549019607843137
18857,0.35294117647058826
9583,0.6862745098039216
21282,0.13725490196078433
16189,0.058823529411764705
25372,0.1568627450980392
2347,0.1568627450980392
12733,0.09803921568627451
23995,0.3137254901960784
2338,0.2549019607843137
16876,0.1568627450980392
3446,0.13725490196078433
21104,0.11764705882352941
5520,0.11764705882352941
14532,0.0784313725490196
21933,0.0784313725490196
26819,0.11764705882352941
4236,0.11764705882352941
1654,0.11764705882352941
14623,0.6666666666666666
27725,0.7058823529411765
24637,0.0784313725490196
11072,0.19607843137254902
25435,0.09803921568627451
4749,0.17647058823529413
4011,0.7254901960784313
23974,0.17647058823529413
11658,0.1568627450980392
16983,0.0784313725490196
17815,0.0196078431372549
4154,0.1568627450980392
8915,0.49019607843137253
16996,0.1568627450980392
21593,0.4117647058823529
10348,0.3137254901960784
4016,0.0392156862745098
11818,0.27450980392156865
15449,0.058823529411764705
29574,0.0392156862745098
26272,0.23529411764705882
26211,0.09803921568627451
11519,0.0784313725490196
29868,0.13725490196078433
15470,0.23529411764705882
3290,0.39215686274509803
19763,0.13725490196078433
21775,0.17647058823529413
12794,0.11764705882352941
19260,0.11764705882352941
4922,0.7254901960784313
17011,0.6666666666666666
5904,0.39215686274509803
3644,0.5098039215686274
7691,0.0392156862745098
1052,0.13725490196078433
25823,0.09803921568627451
15661,0.49019607843137253
13670,0.13725490196078433
26399,0.11764705882352941
2358,0.1568627450980392
16422,0.21568627450980393
5412,0.6078431372549019
2012,0.11764705882352941
17771,0.0392156862745098
2835,0.0392156862745098
22480,0.0392156862745098
23740,0.6666666666666666
4361,0.13725490196078433
14672,0.17647058823529413
22588,0.3137254901960784
26623,0.21568627450980393
29928,0.21568627450980393
27952,0.09803921568627451
23301,0.6470588235294118
8079,0.11764705882352941
15983,0.09803921568627451
11296,0.35294117647058826
6850,0.6862745098039216
22587,0.1568627450980392
3589,0.7647058823529411
26035,0.1568627450980392
11940,0.0784313725490196
5223,0.11764705882352941
15433,0.19607843137254902
7486,0.5098039215686274
29409,0.0784313725490196
29000,0.09803921568627451
26654,0.47058823529411764
29248,0.0196078431372549
15199,0.09803921568627451
4972,0.13725490196078433
13437,0.39215686274509803
1196,0.2549019607843137
13726,0.0784313725490196
138,0.1568627450980392
27996,0.11764705882352941
29982,0.09803921568627451
4567,0.13725490196078433
5559,0.13725490196078433
19782,0.058823529411764705
25991,0.11764705882352941
23089,0.1568627450980392
23514,0.17647058823529413
25952,0.5686274509803921
7501,0.1568627450980392
9544,0.35294117647058826
22568,0.09803921568627451
7768,0.49019607843137253
25603,0.09803921568627451
4405,0.0392156862745098
17473,0.21568627450980393
29252,0.0196078431372549
21921,0.0392156862745098
13046,0.0784313725490196
5006,0.17647058823529413
9243,0.19607843137254902
28549,0.39215686274509803
10453,0.0
28822,0.21568627450980393
15969,0.0784313725490196
14215,0.1568627450980392
27222,0.43137254901960786
20741,0.3333333333333333
27489,0.6274509803921569
4326,0.3333333333333333
18867,0.13725490196078433
12901,0.13725490196078433
4112,0.09803921568627451
22454,0.7647058823529411
23202,0.09803921568627451
21727,0.13725490196078433
8715,0.7647058823529411
12185,0.21568627450980393
28117,0.09803921568627451
21535,0.29411764705882354
21340,0.0392156862745098
20508,0.21568627450980393
12615,0.1568627450980392
21541,0.09803921568627451
24934,0.058823529411764705
1260,0.0784313725490196
18513,0.19607843137254902
78,0.21568627450980393
10816,0.1568627450980392
15115,0.45098039215686275
18383,0.0392156862745098
22865,0.1568627450980392
12352,0.13725490196078433
22504,0.11764705882352941
22490,0.11764705882352941
11833,0.0196078431372549
29652,0.09803921568627451
24836,0.1568627450980392
12645,0.11764705882352941
17284,0.09803921568627451
10208,0.0784313725490196
5629,0.1568627450980392
24224,0.27450980392156865
22062,0.2549019607843137
15441,0.3137254901960784
1585,0.13725490196078433
5470,0.19607843137254902
14575,0.17647058823529413
21257,0.0392156862745098
14225,0.09803921568627451
2408,0.11764705882352941
8073,0.17647058823529413
6358,0.0
21189,0.5098039215686274
22545,0.17647058823529413
29184,0.0784313725490196
4030,0.058823529411764705
7095,0.1568627450980392
1091,0.0784313725490196
18606,0.13725490196078433
2199,0.0392156862745098
11588,0.058823529411764705
17055,0.0392156862745098
21103,0.058823529411764705
2665,0.17647058823529413
11880,0.1568627450980392
18006,0.11764705882352941
24475,0.35294117647058826
9432,0.803921568627451
4524,0.17647058823529413
25551,0.11764705882352941
3349,0.11764705882352941
14628,0.1568627450980392
17077,0.7254901960784313
25786,0.0392156862745098
26366,0.7843137254901961
10652,0.0784313725490196
11738,0.09803921568627451
10460,0.0784313725490196
3948,0.19607843137254902
20681,0.17647058823529413
5160,0.21568627450980393
11004,0.0196078431372549
24868,0.0196078431372549
9803,0.6078431372549019
4827,0.19607843137254902
8826,0.19607843137254902
4235,0.21568627450980393
13648,0.21568627450980393
10157,0.058823529411764705
29055,0.23529411764705882
16608,0.7254901960784313
26638,0.0784313725490196
27884,0.17647058823529413
2428,0.19607843137254902
22723,0.11764705882352941
27872,0.37254901960784315
17317,0.47058823529411764
17351,0.13725490196078433
19343,0.6666666666666666
6948,0.19607843137254902
13245,0.058823529411764705
25605,0.13725490196078433
16495,0.47058823529411764
23634,0.6470588235294118
13745,0.11764705882352941
10682,0.0392156862745098
17269,0.6862745098039216
1895,0.11764705882352941
3411,0.35294117647058826
18428,0.0784313725490196
26411,0.1568627450980392
419,0.1568627450980392
13992,0.3137254901960784
11772,0.1568627450980392
24384,0.47058823529411764
10088,0.11764705882352941
14339,0.13725490196078433
19139,0.0784313725490196
392,0.0392156862745098
19449,0.8235294117647058
1509,0.2549019607843137
17686,0.058823529411764705
373,0.8431372549019608
562,0.23529411764705882
7847,0.13725490196078433
24478,0.0784313725490196
8205,0.058823529411764705
28882,0.49019607843137253
17600,0.3137254901960784
28959,0.09803921568627451
22361,0.0784313725490196
7570,0.3137254901960784
29816,0.058823529411764705
7329,0.6666666666666666
6837,0.0784313725490196
26761,0.09803921568627451
93,0.13725490196078433
22398,0.058823529411764705
19889,0.19607843137254902
172,0.2549019607843137
15979,0.7450980392156863
27729,0.19607843137254902
11794,0.0392156862745098
22528,0.19607843137254902
25246,0.058823529411764705
20672,0.21568627450980393
11604,0.2549019607843137
11030,0.09803921568627451
19643,0.7843137254901961
21459,0.21568627450980393
7652,0.058823529411764705
14060,0.13725490196078433
12097,0.11764705882352941
29546,0.6862745098039216
9685,0.11764705882352941
6751,0.6470588235294118
24614,0.5882352941176471
20989,0.19607843137254902
19365,0.09803921568627451
20264,0.23529411764705882
16340,0.6470588235294118
28949,0.0392156862745098
330,0.23529411764705882
7593,0.058823529411764705
3423,0.17647058823529413
21733,0.1568627450980392
6026,0.0784313725490196
13661,0.0392156862745098
550,0.11764705882352941
6992,0.17647058823529413
4139,0.1568627450980392
3593,0.0392156862745098
27403,0.13725490196078433
26056,0.7254901960784313
10588,0.058823529411764705
4087,0.0784313725490196
19407,0.7843137254901961
8330,0.058823529411764705
19887,0.09803921568627451
20582,0.11764705882352941
23799,0.1568627450980392
16577,0.058823529411764705
25181,0.7843137254901961
20648,0.17647058823529413
5957,0.1568627450980392
19,0.1568627450980392
21036,0.5686274509803921
23901,0.17647058823529413
19119,0.17647058823529413
10059,0.17647058823529413
2257,0.058823529411764705
13433,0.058823529411764705
27664,0.19607843137254902
16252,0.11764705882352941
29387,0.09803921568627451
443,0.11764705882352941
17399,0.058823529411764705
27182,0.6666666666666666
24076,0.5294117647058824
22168,0.0784313725490196
22171,0.0392156862745098
11321,0.13725490196078433
20547,0.0196078431372549
18710,0.23529411764705882
11575,0.0784313725490196
6110,0.19607843137254902
6706,0.13725490196078433
9439,0.09803921568627451
26583,0.058823529411764705
27730,0.17647058823529413
252,0.058823529411764705
27051,0.0392156862745098
2197,0.17647058823529413
23553,0.3333333333333333
21520,0.1568627450980392
6800,0.0392156862745098
2088,0.11764705882352941
21141,0.7843137254901961
4121,0.11764705882352941
29594,0.35294117647058826
15224,0.13725490196078433
342,0.21568627450980393
17030,0.0784313725490196
7540,0.09803921568627451
7736,0.19607843137254902
21413,0.13725490196078433
28333,0.0784313725490196
22591,0.1568627450980392
23507,0.27450980392156865
7527,0.19607843137254902
5255,0.5686274509803921
9736,0.13725490196078433
10617,0.17647058823529413
1814,0.49019607843137253
18103,0.23529411764705882
7055,0.3137254901960784
2756,0.0784313725490196
9448,0.6078431372549019
14241,0.11764705882352941
8722,0.13725490196078433
20274,0.5098039215686274
27118,0.13725490196078433
18749,0.1568627450980392
22735,0.3333333333333333
24560,0.058823529411764705
10458,0.0784313725490196
25922,0.1568627450980392
24044,0.3137254901960784
1584,0.13725490196078433
12602,0.09803921568627451
19955,0.09803921568627451
5132,0.11764705882352941
11142,0.0784313725490196
23160,0.5490196078431373
21044,0.0784313725490196
21509,0.17647058823529413
4995,0.13725490196078433
18746,0.7254901960784313
9386,0.09803921568627451
19598,0.0784313725490196
1320,0.19607843137254902
3535,0.09803921568627451
8963,0.09803921568627451
19023,0.17647058823529413
25007,0.49019607843137253
9828,0.1568627450980392
15180,0.6274509803921569
23743,0.13725490196078433
28376,0.0196078431372549
17245,0.27450980392156865
24332,0.11764705882352941
23707,0.058823529411764705
24871,0.2549019607843137
26151,0.7254901960784313
22073,0.0784313725490196
29567,0.35294117647058826
2215,0.17647058823529413
8685,0.21568627450980393
10855,0.0
7057,0.37254901960784315
26062,0.5882352941176471
11076,0.0784313725490196
22863,0.6274509803921569
12863,0.11764705882352941
22149,0.7450980392156863
1781,0.1568627450980392
28803,0.11764705882352941
10946,0.17647058823529413
24293,0.19607843137254902
12875,0.6274509803921569
22691,0.6666666666666666
27015,0.8431372549019608
11801,0.11764705882352941
20435,0.19607843137254902
1956,0.0392156862745098
12299,0.09803921568627451
25541,0.1568627450980392
11261,0.13725490196078433
11766,0.09803921568627451
25618,0.6666666666666666
17716,0.09803921568627451
21726,0.0784313725490196
11696,0.35294117647058826
4964,0.1568627450980392
21996,0.0392156862745098
7899,0.43137254901960786
4227,0.8235294117647058
22241,0.17647058823529413
16305,0.09803921568627451
24263,0.27450980392156865
18617,0.5882352941176471
18202,0.1568627450980392
26215,0.11764705882352941
28125,0.1568627450980392
19311,0.11764705882352941
10560,0.21568627450980393
12660,0.11764705882352941
28623,0.27450980392156865
8846,0.0392156862745098
13360,0.17647058823529413
22134,0.17647058823529413
13130,0.09803921568627451
20091,0.11764705882352941
21686,0.11764705882352941
11413,0.27450980392156865
17942,0.11764705882352941
23726,0.27450980392156865
28935,0.6078431372549019
27967,0.0196078431372549
19471,0.0392156862745098
6282,0.6666666666666666
14059,0.0784313725490196
4806,0.6470588235294118
9253,0.17647058823529413
8220,0.0784313725490196
17644,0.09803921568627451
29710,0.17647058823529413
4027,0.5490196078431373
1850,0.0784313725490196
18691,0.21568627450980393
16365,0.39215686274509803
3004,0.11764705882352941
16549,0.058823529411764705
26546,0.13725490196078433
25606,0.058823529411764705
4205,0.29411764705882354
29260,0.13725490196078433
4748,0.0784313725490196
17125,0.29411764705882354
12064,0.1568627450980392
21585,0.0
26720,0.0784313725490196
15410,0.058823529411764705
16908,0.09803921568627451
11436,0.5882352941176471
29534,0.19607843137254902
21271,0.3333333333333333
15181,0.3137254901960784
10258,0.5294117647058824
29361,0.23529411764705882
17844,0.0
21478,0.0392156862745098
24519,0.19607843137254902
20262,0.0392156862745098
21581,0.7254901960784313
17286,0.3333333333333333
5073,0.8235294117647058
3707,0.058823529411764705
4347,0.0784313725490196
20865,0.11764705882352941
29478,0.3137254901960784
9608,0.23529411764705882
26466,0.0196078431372549
4399,0.09803921568627451
11279,0.1568627450980392
11282,0.23529411764705882
16799,0.09803921568627451
28419,0.2549019607843137
18597,0.0784313725490196
14318,0.11764705882352941
11501,0.4117647058823529
28325,0.21568627450980393
10631,0.2549019607843137
6678,0.1568627450980392
14580,0.11764705882352941
24771,0.058823529411764705
8600,0.13725490196078433
12332,0.29411764705882354
11977,0.1568627450980392
18295,0.19607843137254902
24589,0.21568627450980393
26262,0.11764705882352941
14895,0.21568627450980393
18582,0.1568627450980392
8909,0.0
26145,0.0392156862745098
21432,0.5294117647058824
22560,0.09803921568627451
15945,0.0392156862745098
5169,0.37254901960784315
12885,0.21568627450980393
4853,0.0196078431372549
16009,0.19607843137254902
26196,0.35294117647058826
19233,0.13725490196078433
20748,0.1568627450980392
14365,0.0784313725490196
335,0.058823529411764705
18942,0.21568627450980393
29570,0.43137254901960786
20097,0.7843137254901961
6077,0.0
12031,0.1568627450980392
20900,0.1568627450980392
14759,0.17647058823529413
3539,0.3137254901960784
3138,0.0784313725490196
7533,0.13725490196078433
23184,0.13725490196078433
24158,0.17647058823529413
12518,0.5294117647058824
5438,0.2549019607843137
1682,0.5098039215686274
18961,0.0784313725490196
25460,0.0392156862745098
14729,0.7450980392156863
17479,0.19607843137254902
17075,0.058823529411764705
2847,0.0196078431372549
5808,0.09803921568627451
5522,0.6862745098039216
27666,0.3137254901960784
12331,0.0784313725490196
12600,0.37254901960784315
13439,0.6078431372549019
17219,0.13725490196078433
18091,0.19607843137254902
24609,0.058823529411764705
13886,0.058823529411764705
1650,0.13725490196078433
29917,0.0196078431372549
26447,0.0392156862745098
27124,0.0784313725490196
2235,0.13725490196078433
28103,0.1568627450980392
7787,0.21568627450980393
20680,0.29411764705882354
12344,0.11764705882352941
21510,0.23529411764705882
4051,0.0784313725490196
11439,0.0784313725490196
13182,0.19607843137254902
14524,0.13725490196078433
2241,0.21568627450980393
2316,0.0392156862745098
18013,0.19607843137254902
7671,0.0392156862745098
4579,0.09803921568627451
24607,0.2549019607843137
19638,0.0392156862745098
18985,0.0784313725490196
11386,0.27450980392156865
24664,0.0784313725490196
17613,0.09803921568627451
2343,0.11764705882352941
25636,0.0784313725490196
20657,0.0392156862745098
29901,0.29411764705882354
25532,0.23529411764705882
11237,0.11764705882352941
27562,0.5882352941176471
2746,0.7843137254901961
21771,0.17647058823529413
16779,0.4117647058823529
16694,0.11764705882352941
12030,0.0784313725490196
28983,0.5294117647058824
7498,0.0
28936,0.21568627450980393
20411,0.0196078431372549
21492,0.11764705882352941
7336,0.11764705882352941
13316,0.6078431372549019
22495,0.29411764705882354
2614,0.11764705882352941
1506,0.0196078431372549
248,0.1568627450980392
4822,0.11764705882352941
2734,0.13725490196078433
2501,0.0392156862745098
27252,0.11764705882352941
24217,0.11764705882352941
19053,0.0392156862745098
15994,0.09803921568627451
5390,0.5882352941176471
23659,0.17647058823529413
8732,0.23529411764705882
8493,0.0196078431372549
23333,0.27450980392156865
19114,0.6862745098039216
3152,0.17647058823529413
20344,0.21568627450980393
9152,0.4117647058823529
19401,0.29411764705882354
13704,0.21568627450980393
3377,0.19607843137254902
25531,0.21568627450980393
9273,0.13725490196078433
22269,0.1568627450980392
21816,0.19607843137254902
3421,0.13725490196078433
1788,0.1568627450980392
13856,0.1568627450980392
4166,0.13725490196078433
16707,0.058823529411764705
8424,0.11764705882352941
23378,0.39215686274509803
13724,0.0
2334,0.21568627450980393
13517,0.5294117647058824
28467,0.058823529411764705
16121,0.5686274509803921
11458,0.43137254901960786
484,0.09803921568627451
3148,0.0784313725490196
26760,0.2549019607843137
17654,0.49019607843137253
10514,0.27450980392156865
6844,0.13725490196078433
24201,0.7843137254901961
13085,0.09803921568627451
29726,0.11764705882352941
27052,0.11764705882352941
107,0.11764705882352941
15362,0.39215686274509803
11038,0.0392156862745098
15246,0.7450980392156863
20417,0.11764705882352941
21296,0.0392156862745098
9002,0.0196078431372549
2178,0.11764705882352941
27814,0.11764705882352941
21274,0.3333333333333333
23357,0.6862745098039216
7236,0.6078431372549019
29499,0.17647058823529413
25324,0.09803921568627451
23030,0.7058823529411765
21866,0.7450980392156863
17157,0.09803921568627451
13484,0.11764705882352941
1416,0.39215686274509803
26721,0.6470588235294118
14771,0.23529411764705882
21747,0.11764705882352941
26523,0.29411764705882354
15469,0.3137254901960784
24085,0.17647058823529413
3620,0.0196078431372549
12478,0.5098039215686274
25963,0.1568627450980392
7497,0.058823529411764705
11702,0.11764705882352941
829,0.23529411764705882
8686,0.21568627450980393
10491,0.13725490196078433
23436,0.3137254901960784
20231,0.0392156862745098
9457,0.6862745098039216
19317,0.09803921568627451
26883,0.0392156862745098
14839,0.058823529411764705
28381,0.058823529411764705
3834,0.09803921568627451
3900,0.0784313725490196
16865,0.5490196078431373
13145,0.1568627450980392
185,0.27450980392156865
15187,0.803921568627451
2671,0.5686274509803921
13320,0.5686274509803921
25712,0.19607843137254902
14764,0.39215686274509803
21211,0.11764705882352941
24456,0.0784313725490196
26826,0.058823529411764705
6866,0.7647058823529411
9712,0.7647058823529411
25848,0.0392156862745098
21559,0.09803921568627451
4232,0.23529411764705882
668,0.0196078431372549
8433,0.0392156862745098
8900,0.09803921568627451
9044,0.0784313725490196
5661,0.0196078431372549
10637,0.1568627450980392
16086,0.0392156862745098
28742,0.09803921568627451
22624,0.21568627450980393
10500,0.0784313725490196
18628,0.058823529411764705
18016,0.1568627450980392
27744,0.1568627450980392
23805,0.7450980392156863
4547,0.0
17650,0.0392156862745098
10459,0.11764705882352941
2720,0.0196078431372549
24800,0.058823529411764705
907,0.0392156862745098
28449,0.13725490196078433
16663,0.7647058823529411
1688,0.0196078431372549
14382,0.8235294117647058
23096,0.09803921568627451
22210,0.21568627450980393
16633,0.6470588235294118
6074,0.0392156862745098
16034,0.09803921568627451
1123,0.0
25691,0.13725490196078433
17604,0.7450980392156863
27408,0.13725490196078433
13817,0.0784313725490196
15516,0.21568627450980393
22042,0.17647058823529413
17605,0.11764705882352941
22619,0.5882352941176471
7152,0.17647058823529413
29723,0.0196078431372549
15293,0.0392156862745098
8202,0.09803921568627451
11968,0.7058823529411765
8171,0.11764705882352941
5637,0.35294117647058826
28035,0.11764705882352941
25891,0.09803921568627451
5590,0.09803921568627451
3147,0.058823529411764705
28190,0.11764705882352941
23584,0.11764705882352941
11945,0.09803921568627451
26165,0.09803921568627451
25001,0.5294117647058824
27604,0.6666666666666666
15556,0.0784313725490196
2196,0.7058823529411765
27642,0.09803921568627451
11257,0.11764705882352941
13561,0.17647058823529413
2240,0.21568627450980393
10482,0.27450980392156865
5866,0.058823529411764705
16359,0.29411764705882354
27638,0.23529411764705882
22744,0.8235294117647058
27500,0.3137254901960784
23892,0.13725490196078433
8050,0.11764705882352941
12787,0.3137254901960784
23531,0.0784313725490196
23017,0.803921568627451
17252,0.0196078431372549
20072,0.5294117647058824
10299,0.27450980392156865
5919,0.3137254901960784
22911,0.11764705882352941
5579,0.17647058823529413
12679,0.5686274509803921
16590,0.0
2997,0.11764705882352941
11192,0.09803921568627451
11400,0.39215686274509803
5393,0.09803921568627451
9427,0.09803921568627451
14264,0.7254901960784313
16640,0.09803921568627451
28855,0.21568627450980393
12895,0.0784313725490196
27727,0.23529411764705882
12400,0.6862745098039216
19026,0.0784313725490196
27519,0.11764705882352941
762,0.5098039215686274
6620,0.11764705882352941
2932,0.21568627450980393
6228,0.11764705882352941
28886,0.6274509803921569
18732,0.0196078431372549
5246,0.058823529411764705
17405,0.17647058823529413
2456,0.17647058823529413
28885,0.29411764705882354
25864,0.0784313725490196
5212,0.6078431372549019
18274,0.0784313725490196
1748,0.29411764705882354
11831,0.09803921568627451
28907,0.09803921568627451
23,0.21568627450980393
15844,0.13725490196078433
6936,0.0784313725490196
6330,0.5098039215686274
22484,0.11764705882352941
2967,0.13725490196078433
15462,0.17647058823529413
28204,0.0784313725490196
8152,0.11764705882352941
24674,0.0784313725490196
14345,0.21568627450980393
8674,0.29411764705882354
1505,0.17647058823529413
7758,0.3137254901960784
25316,0.35294117647058826
22290,0.058823529411764705
28338,0.11764705882352941
21537,0.23529411764705882
6321,0.09803921568627451
9011,0.17647058823529413
3944,0.6274509803921569
22926,0.0784313725490196
8016,0.0784313725490196
12225,0.0196078431372549
18866,0.29411764705882354
14753,0.0784313725490196
14605,0.11764705882352941
21737,0.43137254901960786
18901,0.35294117647058826
438,0.43137254901960786
18482,0.0392156862745098
7984,0.0392156862745098
20994,0.2549019607843137
3380,0.09803921568627451
8559,0.09803921568627451
20256,0.0392156862745098
12960,0.4117647058823529
9734,0.21568627450980393
15378,0.11764705882352941
26339,0.6666666666666666
26550,0.45098039215686275
11745,0.6274509803921569
10134,0.0784313725490196
24144,0.0784313725490196
22323,0.17647058823529413
18288,0.11764705882352941
1462,0.058823529411764705
6056,0.0784313725490196
22750,0.7843137254901961
1640,0.3333333333333333
15641,0.09803921568627451
25975,0.1568627450980392
5850,0.09803921568627451
24392,0.0392156862745098
19945,0.37254901960784315
9205,0.0784313725490196
22737,0.0784313725490196
9748,0.29411764705882354
28158,0.058823529411764705
16161,0.19607843137254902
14007,0.7450980392156863
9742,0.058823529411764705
29642,0.6274509803921569
11967,0.09803921568627451
24610,0.13725490196078433
13771,0.1568627450980392
28577,0.1568627450980392
9792,0.13725490196078433
13000,0.7058823529411765
2648,0.27450980392156865
14512,0.13725490196078433
17212,0.27450980392156865
13955,0.19607843137254902
4631,0.27450980392156865
3713,0.3333333333333333
1687,0.23529411764705882
5616,0.29411764705882354
9247,0.23529411764705882
28149,0.0
19388,0.09803921568627451
5422,0.0392156862745098
7526,0.0784313725490196
9540,0.6274509803921569
14951,0.45098039215686275
7011,0.11764705882352941
1440,0.17647058823529413
16147,0.09803921568627451
1624,0.09803921568627451
8230,0.37254901960784315
16008,0.11764705882352941
11074,0.23529411764705882
5485,0.09803921568627451
17814,0.09803921568627451
24592,0.21568627450980393
8183,0.43137254901960786
6427,0.058823529411764705
28104,0.0392156862745098
19757,0.27450980392156865
3861,0.6470588235294118
5643,0.8431372549019608
13038,0.17647058823529413
18560,0.6078431372549019
5868,0.058823529411764705
21567,0.11764705882352941
26629,0.7843137254901961
10228,0.27450980392156865
20784,0.19607843137254902
22133,0.058823529411764705
14297,0.3333333333333333
23835,0.13725490196078433
10364,0.13725490196078433
26135,0.09803921568627451
27522,0.4117647058823529
1670,0.6274509803921569
21350,0.35294117647058826
10605,0.27450980392156865
24194,0.13725490196078433
2760,0.13725490196078433
9095,0.19607843137254902
6591,0.49019607843137253
2518,0.058823529411764705
6951,0.17647058823529413
5570,0.37254901960784315
2400,0.23529411764705882
13869,0.09803921568627451
27014,0.17647058823529413
29950,0.23529411764705882
25423,0.09803921568627451
109,0.21568627450980393
19656,0.23529411764705882
8057,0.27450980392156865
26236,0.3137254901960784
17965,0.0784313725490196
22037,0.27450980392156865
17414,0.0392156862745098
16989,0.058823529411764705
27391,0.1568627450980392
11341,0.27450980392156865
17190,0.09803921568627451
4383,0.058823529411764705
11143,0.3137254901960784
23479,0.3333333333333333
14792,0.09803921568627451
7924,0.17647058823529413
18445,0.0196078431372549
27988,0.0392156862745098
9991,0.6470588235294118
7042,0.17647058823529413
3358,0.29411764705882354
28961,0.17647058823529413
23245,0.2549019607843137
3002,0.19607843137254902
28817,0.1568627450980392
22876,0.21568627450980393
3259,0.0392156862745098
777,0.0392156862745098
18550,0.11764705882352941
20945,0.0392156862745098
11754,0.13725490196078433
24546,0.17647058823529413
2321,0.21568627450980393
22280,0.0784313725490196
17626,0.21568627450980393
399,0.23529411764705882
8630,0.09803921568627451
3141,0.13725490196078433
14621,0.11764705882352941
13203,0.43137254901960786
1140,0.6078431372549019
12827,0.17647058823529413
7039,0.0392156862745098
2471,0.23529411764705882
6637,0.09803921568627451
17666,0.17647058823529413
26619,0.5686274509803921
19287,0.4117647058823529
3635,0.21568627450980393
5617,0.3333333333333333
13810,0.2549019607843137
24764,0.27450980392156865
7362,0.13725490196078433
29424,0.0784313725490196
25917,0.7843137254901961
20768,0.11764705882352941
24498,0.2549019607843137
3013,0.39215686274509803
16658,0.35294117647058826
7037,0.13725490196078433
5902,0.058823529411764705
7106,0.0784313725490196
27694,0.5686274509803921
10415,0.3333333333333333
10693,0.13725490196078433
2036,0.11764705882352941
15306,0.11764705882352941
12306,0.21568627450980393
10334,0.7647058823529411
6195,0.1568627450980392
1538,0.13725490196078433
27054,0.43137254901960786
4241,0.19607843137254902
27081,0.5294117647058824
10211,0.058823529411764705
26457,0.19607843137254902
13903,0.09803921568627451
19034,0.6274509803921569
393,0.0784313725490196
15513,0.1568627450980392
13466,0.17647058823529413
29271,0.7450980392156863
15585,0.11764705882352941
21697,0.11764705882352941
9166,0.19607843137254902
26984,0.11764705882352941
17249,0.11764705882352941
4713,0.6470588235294118
10373,0.1568627450980392
820,0.21568627450980393
5872,0.803921568627451
5164,0.13725490196078433
23651,0.0392156862745098
27128,0.0392156862745098
13537,0.0784313725490196
8408,0.37254901960784315
133,0.13725490196078433
26445,0.11764705882352941
16073,0.21568627450980393
8103,0.3137254901960784
6596,0.3137254901960784
14044,0.0392156862745098
12856,0.19607843137254902
596,0.0392156862745098
4617,0.13725490196078433
5972,0.3137254901960784
5466,0.17647058823529413
12315,0.13725490196078433
27120,0.09803921568627451
15348,0.13725490196078433
24602,0.39215686274509803
19766,0.5098039215686274
9244,0.21568627450980393
1773,0.19607843137254902
23580,0.1568627450980392
12819,0.17647058823529413
9764,0.6470588235294118
21186,0.11764705882352941
20489,0.21568627450980393
14174,0.0784313725490196
4730,0.7450980392156863
11147,0.0392156862745098
1994,0.0392156862745098
10659,0.5098039215686274
18872,0.11764705882352941
28695,0.23529411764705882
8597,0.058823529411764705
11980,0.0392156862745098
14734,0.11764705882352941
22155,0.19607843137254902
6556,0.13725490196078433
1413,0.09803921568627451
10029,0.11764705882352941
13009,0.19607843137254902
20283,0.37254901960784315
6701,0.1568627450980392
17128,0.11764705882352941
5750,0.21568627450980393
24281,0.19607843137254902
13691,0.13725490196078433
5494,0.7843137254901961
1224,0.23529411764705882
17936,0.6274509803921569
23010,0.13725490196078433
26363,0.45098039215686275
3831,0.7254901960784313
29536,0.6862745098039216
17034,0.0392156862745098
12891,0.0
15499,0.27450980392156865
7485,0.803921568627451
3061,0.058823529411764705
17340,0.09803921568627451
17569,0.7843137254901961
18952,0.13725490196078433
28374,0.09803921568627451
18229,0.0784313725490196
20314,0.0784313725490196
2186,0.27450980392156865
27089,0.17647058823529413
29836,0.5882352941176471
16704,0.7254901960784313
5971,0.1568627450980392
15108,0.09803921568627451
25898,0.43137254901960786
21155,0.13725490196078433
13896,0.0392156862745098
22706,0.19607843137254902
17810,0.0392156862745098
5985,0.1568627450980392
16390,0.1568627450980392
15590,0.21568627450980393
28336,0.11764705882352941
6602,0.0784313725490196
20781,0.09803921568627451
26836,0.0784313725490196
6149,0.0784313725490196
10190,0.19607843137254902
22316,0.1568627450980392
9133,0.4117647058823529
28665,0.5294117647058824
15059,0.23529411764705882
21251,0.27450980392156865
29330,0.13725490196078433
3628,0.5882352941176471
28525,0.13725490196078433
14684,0.0392156862745098
6192,0.09803921568627451
23963,0.11764705882352941
13801,0.17647058823529413
9929,0.11764705882352941
189,0.0196078431372549
2364,0.29411764705882354
26930,0.0392156862745098
2637,0.5882352941176471
16192,0.1568627450980392
12695,0.29411764705882354
11367,0.0784313725490196
26047,0.13725490196078433
28493,0.0196078431372549
1267,0.3137254901960784
15792,0.11764705882352941
6372,0.17647058823529413
20043,0.0
20145,0.0784313725490196
10158,0.2549019607843137
2849,0.0784313725490196
13068,0.09803921568627451
4732,0.058823529411764705
16686,0.11764705882352941
13191,0.0784313725490196
5270,0.09803921568627451
13386,0.5098039215686274
29817,0.11764705882352941
23153,0.0392156862745098
23114,0.2549019607843137
12338,0.2549019607843137
15464,0.0196078431372549
1532,0.11764705882352941
21334,0.0784313725490196
14466,0.0784313725490196
14993,0.3333333333333333
1818,0.0392156862745098
12757,0.3137254901960784
26662,0.13725490196078433
4616,0.0
4885,0.6470588235294118
9645,0.09803921568627451
24876,0.4117647058823529
6203,0.2549019607843137
29978,0.1568627450980392
2362,0.39215686274509803
17821,0.5490196078431373
25709,0.11764705882352941
25979,0.1568627450980392
27999,0.09803921568627451
13004,0.058823529411764705
25421,0.09803921568627451
10919,0.09803921568627451
27103,0.09803921568627451
2579,0.4117647058823529
1327,0.0392156862745098
9485,0.19607843137254902
19278,0.13725490196078433
6861,0.09803921568627451
25947,0.8235294117647058
3433,0.0196078431372549
17948,0.0784313725490196
27657,0.0784313725490196
26078,0.17647058823529413
16257,0.1568627450980392
26049,0.13725490196078433
14879,0.13725490196078433
16703,0.2549019607843137
729,0.11764705882352941
15440,0.5686274509803921
20678,0.17647058823529413
14855,0.058823529411764705
7,0.058823529411764705
14849,0.0784313725490196
21959,0.19607843137254902
4089,0.09803921568627451
18804,0.21568627450980393
20663,0.09803921568627451
4238,0.3333333333333333
11007,0.058823529411764705
6658,0.13725490196078433
14269,0.058823529411764705
8935,0.27450980392156865
24067,0.17647058823529413
18425,0.11764705882352941
28361,0.27450980392156865
1325,0.0784313725490196
25583,0.0784313725490196
4644,0.5294117647058824
14547,0.13725490196078433
2673,0.11764705882352941
2629,0.09803921568627451
4937,0.4117647058823529
19361,0.11764705882352941
25781,0.0196078431372549
29785,0.2549019607843137
8316,0.1568627450980392
11515,0.19607843137254902
22702,0.45098039215686275
5626,0.11764705882352941
26716,0.0196078431372549
12304,0.0784313725490196
8430,0.0784313725490196
15477,0.21568627450980393
22450,0.6862745098039216
10735,0.17647058823529413
29907,0.47058823529411764
4618,0.0196078431372549
8717,0.13725490196078433
1006,0.23529411764705882
21710,0.37254901960784315
23569,0.0196078431372549
4933,0.09803921568627451
18341,0.058823529411764705
13408,0.35294117647058826
15951,0.0784313725490196
4592,0.19607843137254902
13958,0.13725490196078433
564,0.0196078431372549
9598,0.0392156862745098
12605,0.0
5885,0.0784313725490196
2011,0.23529411764705882
25697,0.35294117647058826
9517,0.11764705882352941
20080,0.6274509803921569
6765,0.11764705882352941
11085,0.11764705882352941
28416,0.13725490196078433
14344,0.09803921568627451
8981,0.21568627450980393
8725,0.058823529411764705
26275,0.1568627450980392
3897,0.21568627450980393
2431,0.0784313725490196
11320,0.058823529411764705
12488,0.17647058823529413
18118,0.11764705882352941
14919,0.1568627450980392
1887,0.17647058823529413
20880,0.6470588235294118
24994,0.39215686274509803
25850,0.11764705882352941
8451,0.17647058823529413
14679,0.09803921568627451
20770,0.6862745098039216
5377,0.7058823529411765
1454,0.0196078431372549
19459,0.058823529411764705
28496,0.1568627450980392
28568,0.3333333333333333
8250,0.19607843137254902
16511,0.23529411764705882
3934,0.0784313725490196
23230,0.21568627450980393
1725,0.0784313725490196
26684,0.803921568627451
2731,0.5882352941176471
1854,0.19607843137254902
17636,0.5882352941176471
14286,0.17647058823529413
4218,0.13725490196078433
3058,0.13725490196078433
4484,0.21568627450980393
21648,0.11764705882352941
29183,0.0784313725490196
5053,0.1568627450980392
6612,0.7843137254901961
18926,0.13725490196078433
7226,0.11764705882352941
6415,0.1568627450980392
24439,0.0784313725490196
12190,0.11764705882352941
12567,0.11764705882352941
26854,0.11764705882352941
29784,0.11764705882352941
19373,0.7450980392156863
2322,0.5490196078431373
5699,0.17647058823529413
7626,0.11764705882352941
5376,0.49019607843137253
11112,0.11764705882352941
23919,0.058823529411764705
12483,0.09803921568627451
13221,0.0784313725490196
12278,0.21568627450980393
17827,0.27450980392156865
3991,0.0784313725490196
675,0.13725490196078433
7449,0.09803921568627451
24970,0.0784313725490196
4939,0.058823529411764705
13259,0.2549019607843137
17563,0.19607843137254902
9773,0.11764705882352941
12898,0.058823529411764705
3998,0.11764705882352941
5763,0.13725490196078433
23225,0.0784313725490196
5296,0.6078431372549019
27181,0.0392156862745098
22216,0.17647058823529413
10979,0.13725490196078433
22705,0.11764705882352941
8647,0.7450980392156863
25908,0.058823529411764705
3862,0.09803921568627451
10718,0.1568627450980392
26458,0.1568627450980392
25073,0.2549019607843137
18525,0.0784313725490196
3350,0.21568627450980393
5713,0.0784313725490196
6799,0.1568627450980392
15051,0.11764705882352941
28797,0.058823529411764705
854,0.0784313725490196
13554,0.11764705882352941
12673,0.058823529411764705
4229,0.1568627450980392
15695,0.058823529411764705
23062,0.11764705882352941
14738,0.2549019607843137
1865,0.0784313725490196
23522,0.21568627450980393
10402,0.19607843137254902
27063,0.13725490196078433
21399,0.19607843137254902
1486,0.21568627450980393
18900,0.19607843137254902
12324,0.27450980392156865
21992,0.13725490196078433
18342,0.09803921568627451
20706,0.058823529411764705
20221,0.29411764705882354
2465,0.1568627450980392
28865,0.19607843137254902
830,0.0
27401,0.21568627450980393
12592,0.17647058823529413
12525,0.0
13739,0.0392156862745098
25268,0.058823529411764705
6995,0.0196078431372549
1699,0.5098039215686274
8678,0.7058823529411765
7523,0.0784313725490196
27268,0.0784313725490196
11782,0.37254901960784315
15586,0.17647058823529413
12952,0.5294117647058824
15775,0.2549019607843137
3572,0.09803921568627451
5195,0.1568627450980392
11854,0.0392156862745098
16793,0.19607843137254902
2550,0.13725490196078433
453,0.2549019607843137
13709,0.23529411764705882
1745,0.5490196078431373
17840,0.0784313725490196
19683,0.11764705882352941
662,0.47058823529411764
8871,0.23529411764705882
12503,0.13725490196078433
21090,0.27450980392156865
3089,0.0392156862745098
14920,0.19607843137254902
21638,0.11764705882352941
1991,0.058823529411764705
21759,0.1568627450980392
26206,0.5294117647058824
24594,0.3333333333333333
946,0.09803921568627451
10879,0.5294117647058824
15972,0.13725490196078433
6705,0.23529411764705882
12993,0.13725490196078433
27615,0.0784313725490196
2563,0.1568627450980392
2085,0.0196078431372549
6941,0.27450980392156865
26849,0.13725490196078433
15413,0.3333333333333333
14293,0.6470588235294118
4281,0.0196078431372549
18841,0.09803921568627451
9301,0.0784313725490196
13178,0.5294117647058824
22728,0.11764705882352941
9406,0.09803921568627451
16335,0.17647058823529413
8889,0.11764705882352941
5005,0.17647058823529413
5620,0.7450980392156863
9689,0.21568627450980393
19778,0.2549019607843137
26642,0.0196078431372549
17637,0.11764705882352941
29580,0.7058823529411765
22897,0.803921568627451
629,0.19607843137254902
12957,0.11764705882352941
2037,0.0392156862745098
5612,0.1568627450980392
28478,0.23529411764705882
26569,0.49019607843137253
18820,0.7450980392156863
13919,0.1568627450980392
26831,0.11764705882352941
27797,0.35294117647058826
3629,0.37254901960784315
8329,0.6862745098039216
25900,0.21568627450980393
11010,0.6470588235294118
29355,0.3333333333333333
25215,0.0392156862745098
11264,0.09803921568627451
15490,0.4117647058823529
29668,0.09803921568627451
23359,0.09803921568627451
26099,0.23529411764705882
13973,0.1568627450980392
17318,0.3333333333333333
19919,0.058823529411764705
2900,0.11764705882352941
7304,0.0392156862745098
26174,0.0392156862745098
6064,0.4117647058823529
28728,0.21568627450980393
16643,0.0784313725490196
24021,0.0784313725490196
14252,0.09803921568627451
7799,0.5294117647058824
19376,0.09803921568627451
17320,0.19607843137254902
1169,0.11764705882352941
11787,0.11764705882352941
29349,0.058823529411764705
21025,0.11764705882352941
27849,0.11764705882352941
1798,0.7058823529411765
20177,0.1568627450980392
3798,0.13725490196078433
6361,0.058823529411764705
24353,0.803921568627451
25521,0.0784313725490196
10995,0.19607843137254902
2219,0.0392156862745098
7214,0.2549019607843137
16822,0.0784313725490196
24698,0.0784313725490196
22921,0.0392156862745098
4557,0.09803921568627451
5139,0.09803921568627451
29378,0.0784313725490196
1569,0.0196078431372549
5282,0.3137254901960784
19240,0.19607843137254902
9318,0.11764705882352941
4382,0.11764705882352941
22831,0.29411764705882354
28693,0.13725490196078433
1780,0.0196078431372549
16825,0.5098039215686274
13017,0.09803921568627451
21244,0.1568627450980392
2299,0.19607843137254902
21352,0.37254901960784315
7745,0.2549019607843137
18772,0.17647058823529413
2142,0.058823529411764705
19304,0.09803921568627451
5397,0.19607843137254902
26043,0.49019607843137253
1215,0.1568627450980392
16318,0.27450980392156865
10591,0.49019607843137253
5193,0.11764705882352941
16837,0.0784313725490196
8971,0.19607843137254902
19300,0.37254901960784315
15536,0.0784313725490196
23773,0.13725490196078433
17633,0.27450980392156865
26873,0.0392156862745098
22072,0.0392156862745098
4843,0.39215686274509803
8156,0.6274509803921569
17046,0.1568627450980392
24997,0.7843137254901961
22310,0.5882352941176471
17191,0.17647058823529413
17215,0.17647058823529413
18861,0.27450980392156865
3751,0.13725490196078433
16324,0.7647058823529411
28972,0.09803921568627451
7818,0.1568627450980392
22594,0.11764705882352941
26382,0.1568627450980392
21827,0.0196078431372549
22066,0.058823529411764705
9526,0.058823529411764705
9272,0.0196078431372549
25401,0.17647058823529413
17428,0.6666666666666666
18577,0.09803921568627451
27059,0.11764705882352941
21393,0.09803921568627451
12119,0.17647058823529413
21462,0.058823529411764705
5765,0.0784313725490196
23885,0.1568627450980392
5888,0.0784313725490196
25133,0.8627450980392157
20701,0.0196078431372549
15167,0.058823529411764705
6491,0.11764705882352941
7946,0.0784313725490196
17565,0.13725490196078433
16757,0.1568627450980392
9637,0.8431372549019608
27852,0.23529411764705882
25489,0.8431372549019608
8842,0.7254901960784313
21870,0.058823529411764705
10128,0.1568627450980392
20901,0.0784313725490196
7894,0.09803921568627451
28408,0.17647058823529413
14937,0.5294117647058824
8342,0.19607843137254902
23981,0.3137254901960784
572,0.0784313725490196
21201,0.058823529411764705
1595,0.27450980392156865
5179,0.09803921568627451
15060,0.11764705882352941
4765,0.39215686274509803
18463,0.1568627450980392
5095,0.0196078431372549
21285,0.1568627450980392
14191,0.058823529411764705
25498,0.17647058823529413
25887,0.1568627450980392
7945,0.058823529411764705
11263,0.0784313725490196
12492,0.0392156862745098
11864,0.11764705882352941
20272,0.13725490196078433
2126,0.058823529411764705
28686,0.1568627450980392
3616,0.17647058823529413
1753,0.1568627450980392
442,0.1568627450980392
9093,0.0784313725490196
17434,0.13725490196078433
835,0.1568627450980392
2568,0.058823529411764705
27658,0.058823529411764705
26195,0.0784313725490196
14237,0.17647058823529413
27986,0.11764705882352941
18358,0.11764705882352941
22364,0.0392156862745098
5923,0.09803921568627451
29741,0.47058823529411764
8878,0.11764705882352941
10580,0.13725490196078433
6481,0.0784313725490196
28112,0.19607843137254902
24917,0.6470588235294118
27603,0.09803921568627451
23265,0.13725490196078433
27697,0.35294117647058826
7419,0.1568627450980392
16466,0.09803921568627451
16388,0.2549019607843137
11380,0.058823529411764705
12105,0.09803921568627451
27271,0.1568627450980392
29602,0.27450980392156865
3263,0.11764705882352941
9846,0.11764705882352941
12945,0.0784313725490196
18543,0.39215686274509803
14305,0.11764705882352941
273,0.058823529411764705
10551,0.09803921568627451
11378,0.21568627450980393
16038,0.19607843137254902
5154,0.13725490196078433
9581,0.0392156862745098
14573,0.5490196078431373
4810,0.058823529411764705
17736,0.0392156862745098
17471,0.13725490196078433
23384,0.27450980392156865
9420,0.1568627450980392
27259,0.1568627450980392
5751,0.13725490196078433
5621,0.17647058823529413
7864,0.5490196078431373
21868,0.5882352941176471
6623,0.0784313725490196
19336,0.19607843137254902
29566,0.058823529411764705
20046,0.17647058823529413
15782,0.13725490196078433
26965,0.11764705882352941
14908,0.09803921568627451
4553,0.09803921568627451
6414,0.11764705882352941
19745,0.0196078431372549
8058,0.21568627450980393
26259,0.17647058823529413
23322,0.0196078431372549
25579,0.7254901960784313
10487,0.1568627450980392
21991,0.19607843137254902
7027,0.1568627450980392
24059,0.17647058823529413
14981,0.19607843137254902
16124,0.058823529411764705
26268,0.35294117647058826
8297,0.6666666666666666
99,0.5098039215686274
10400,0.058823529411764705
13515,0.11764705882352941
6891,0.13725490196078433
6907,0.0196078431372549
26108,0.0392156862745098
23564,0.2549019607843137
12489,0.21568627450980393
29855,0.21568627450980393
10965,0.21568627450980393
24110,0.27450980392156865
22176,0.13725490196078433
1292,0.0784313725490196
19291,0.11764705882352941
13345,0.058823529411764705
15121,0.7450980392156863
24833,0.6862745098039216
782,0.11764705882352941
20511,0.19607843137254902
7200,0.09803921568627451
25619,0.6470588235294118
18164,0.13725490196078433
19059,0.7843137254901961
8987,0.1568627450980392
7213,0.09803921568627451
4833,0.11764705882352941
5948,0.1568627450980392
25491,0.0196078431372549
19190,0.3137254901960784
29990,0.43137254901960786
21207,0.5490196078431373
21277,0.27450980392156865
19394,0.803921568627451
11392,0.11764705882352941
9617,0.11764705882352941
4415,0.0392156862745098
22461,0.21568627450980393
3809,0.35294117647058826
10835,0.1568627450980392
11465,0.4117647058823529
19550,0.3333333333333333
20003,0.5882352941176471
5896,0.0392156862745098
18011,0.0392156862745098
22356,0.09803921568627451
11865,0.37254901960784315
3826,0.21568627450980393
22760,0.19607843137254902
9528,0.19607843137254902
28764,0.21568627450980393
9833,0.6862745098039216
3323,0.11764705882352941
21011,0.47058823529411764
7927,0.23529411764705882
11432,0.058823529411764705
1901,0.5490196078431373
7428,0.0784313725490196
23058,0.13725490196078433
18224,0.6470588235294118
3261,0.058823529411764705
19632,0.21568627450980393
22815,0.13725490196078433
24794,0.29411764705882354
28313,0.11764705882352941
23150,0.09803921568627451
16512,0.3137254901960784
26554,0.058823529411764705
4622,0.0392156862745098
16371,0.058823529411764705
27656,0.0196078431372549
10707,0.1568627450980392
5054,0.058823529411764705
4936,0.0392156862745098
9045,0.17647058823529413
19437,0.7647058823529411
19878,0.0392156862745098
7254,0.0196078431372549
24508,0.3137254901960784
27629,0.13725490196078433
19195,0.27450980392156865
25598,0.11764705882352941
1234,0.17647058823529413
20721,0.0196078431372549
19184,0.4117647058823529
12171,0.21568627450980393
19949,0.09803921568627451
8308,0.17647058823529413
12867,0.19607843137254902
15647,0.1568627450980392
7603,0.1568627450980392
24865,0.3333333333333333
27645,0.09803921568627451
23616,0.5294117647058824
19545,0.058823529411764705
12187,0.7058823529411765
4378,0.058823529411764705
2228,0.3137254901960784
938,0.5294117647058824
25892,0.11764705882352941
26773,0.6470588235294118
6336,0.0784313725490196
1586,0.1568627450980392
14553,0.2549019607843137
6484,0.0784313725490196
9786,0.29411764705882354
9364,0.058823529411764705
4555,0.43137254901960786
26711,0.13725490196078433
24306,0.11764705882352941
23328,0.5098039215686274
19527,0.11764705882352941
26472,0.23529411764705882
17695,0.43137254901960786
17952,0.0
27294,0.17647058823529413
24568,0.0784313725490196
8364,0.19607843137254902
2632,0.0392156862745098
10843,0.35294117647058826
3509,0.13725490196078433
13961,0.0392156862745098
5906,0.8431372549019608
17072,0.11764705882352941
16226,0.37254901960784315
28540,0.21568627450980393
25790,0.29411764705882354
13971,0.27450980392156865
24724,0.11764705882352941
6452,0.11764705882352941
8208,0.13725490196078433
5557,0.13725490196078433
18361,0.7450980392156863
17134,0.21568627450980393
5889,0.3137254901960784
20170,0.3333333333333333
20478,0.49019607843137253
29090,0.17647058823529413
2067,0.0
6128,0.39215686274509803
20171,0.37254901960784315
4477,0.0392156862745098
29947,0.058823529411764705
21956,0.09803921568627451
21406,0.11764705882352941
1566,0.11764705882352941
12296,0.0784313725490196
16813,0.19607843137254902
8005,0.47058823529411764
2621,0.0392156862745098
19488,0.39215686274509803
15111,0.21568627450980393
28249,0.0784313725490196
11225,0.13725490196078433
25732,0.058823529411764705
4104,0.23529411764705882
21179,0.17647058823529413
677,0.0784313725490196
24877,0.13725490196078433
23896,0.1568627450980392
17517,0.17647058823529413
26167,0.7843137254901961
25054,0.1568627450980392
931,0.29411764705882354
19003,0.4117647058823529
20594,0.2549019607843137
7507,0.13725490196078433
3091,0.13725490196078433
12180,0.09803921568627451
10934,0.43137254901960786
7170,0.23529411764705882
14296,0.3333333333333333
25612,0.19607843137254902
10020,0.1568627450980392
22997,0.058823529411764705
21618,0.3137254901960784
23306,0.0784313725490196
14001,0.3333333333333333
2717,0.21568627450980393
12893,0.43137254901960786
528,0.6470588235294118
14812,0.3137254901960784
23627,0.1568627450980392
23541,0.11764705882352941
4993,0.37254901960784315
10818,0.058823529411764705
29807,0.13725490196078433
17659,0.17647058823529413
24247,0.058823529411764705
6970,0.21568627450980393
17303,0.6666666666666666
849,0.09803921568627451
29513,0.1568627450980392
23308,0.13725490196078433
3750,0.058823529411764705
17019,0.5882352941176471
13976,0.0
1212,0.1568627450980392
20235,0.09803921568627451
2832,0.19607843137254902
16991,0.1568627450980392
18832,0.09803921568627451
71,0.058823529411764705
24520,0.1568627450980392
16242,0.35294117647058826
12825,0.09803921568627451
27734,0.0196078431372549
6857,0.11764705882352941
27723,0.39215686274509803
27400,0.19607843137254902
16350,0.1568627450980392
14342,0.13725490196078433
12447,0.23529411764705882
12529,0.3333333333333333
22660,0.13725490196078433
7897,0.5490196078431373
18473,0.1568627450980392
10043,0.1568627450980392
29084,0.11764705882352941
8883,0.23529411764705882
10375,0.1568627450980392
15962,0.13725490196078433
29187,0.8235294117647058
29834,0.058823529411764705
12948,0.11764705882352941
18566,0.1568627450980392
7099,0.37254901960784315
2382,0.0392156862745098
1323,0.0784313725490196
20093,0.1568627450980392
27012,0.13725490196078433
2685,0.09803921568627451
6504,0.19607843137254902
25142,0.3137254901960784
7181,0.11764705882352941
3524,0.17647058823529413
29283,0.2549019607843137
20447,0.19607843137254902
26564,0.1568627450980392
1720,0.1568627450980392
9541,0.13725490196078433
22301,0.11764705882352941
14949,0.7843137254901961
6230,0.21568627450980393
1170,0.0784313725490196
1463,0.0784313725490196
27471,0.11764705882352941
7670,0.09803921568627451
49,0.1568627450980392
20049,0.1568627450980392
21990,0.1568627450980392
23859,0.3137254901960784
4763,0.09803921568627451
14846,0.1568627450980392
1626,0.47058823529411764
24028,0.35294117647058826
2409,0.0784313725490196
2634,0.19607843137254902
6406,0.7450980392156863
7660,0.0784313725490196
11971,0.0784313725490196
2068,0.0
13274,0.1568627450980392
5726,0.27450980392156865
22065,0.8627450980392157
22680,0.6862745098039216
13866,0.17647058823529413
21199,0.11764705882352941
196,0.17647058823529413
19168,0.11764705882352941
11314,0.11764705882352941
11933,0.19607843137254902
6037,0.058823529411764705
12591,0.0392156862745098
21446,0.43137254901960786
6897,0.17647058823529413
5607,0.29411764705882354
7441,0.21568627450980393
1209,0.0784313725490196
16256,0.19607843137254902
8483,0.21568627450980393
710,0.6274509803921569
1247,0.0784313725490196
28163,0.37254901960784315
28780,0.0196078431372549
14506,0.0196078431372549
2426,0.09803921568627451
4774,0.09803921568627451
14083,0.11764705882352941
17509,0.058823529411764705
13516,0.0784313725490196
24318,0.47058823529411764
22572,0.09803921568627451
24366,0.35294117647058826
6828,0.0196078431372549
6339,0.0196078431372549
10002,0.19607843137254902
7992,0.1568627450980392
25774,0.21568627450980393
26256,0.13725490196078433
20754,0.11764705882352941
28792,0.19607843137254902
27896,0.09803921568627451
15375,0.0784313725490196
14071,0.0392156862745098
5188,0.058823529411764705
21777,0.13725490196078433
27934,0.058823529411764705
1270,0.17647058823529413
20322,0.6274509803921569
26820,0.09803921568627451
1391,0.09803921568627451
40,0.0392156862745098
15142,0.19607843137254902
7735,0.13725490196078433
2921,0.0784313725490196
16217,0.11764705882352941
13401,0.23529411764705882
27483,0.09803921568627451
23305,0.23529411764705882
28867,0.0392156862745098
19070,0.6274509803921569
9586,0.21568627450980393
24497,0.1568627450980392
9388,0.21568627450980393
4305,0.17647058823529413
3157,0.19607843137254902
27532,0.6666666666666666
19790,0.11764705882352941
29529,0.19607843137254902
10594,0.13725490196078433
4150,0.21568627450980393
9481,0.21568627450980393
16725,0.0196078431372549
3724,0.0784313725490196
7014,0.17647058823529413
26298,0.19607843137254902
9455,0.11764705882352941
18144,0.13725490196078433
14869,0.09803921568627451
13149,0.0392156862745098
3608,0.13725490196078433
351,0.3137254901960784
11118,0.13725490196078433
15664,0.0784313725490196
15001,0.23529411764705882
29441,0.0784313725490196
11965,0.3137254901960784
9486,0.0392156862745098
2275,0.09803921568627451
29247,0.8235294117647058
26070,0.29411764705882354
9338,0.6078431372549019
21301,0.09803921568627451
3305,0.09803921568627451
29994,0.1568627450980392
12877,0.13725490196078433
28070,0.058823529411764705
8786,0.35294117647058826
10212,0.35294117647058826
27803,0.27450980392156865
320,0.13725490196078433
15310,0.19607843137254902
20028,0.5686274509803921
27122,0.29411764705882354
2040,0.13725490196078433
25116,0.09803921568627451
25925,0.0784313725490196
22142,0.23529411764705882
29094,0.058823529411764705
8640,0.19607843137254902
13602,0.0392156862745098
5045,0.11764705882352941
4176,0.2549019607843137
10542,0.13725490196078433
10750,0.1568627450980392
25394,0.8431372549019608
10971,0.2549019607843137
28254,0.0784313725490196
26698,0.21568627450980393
4077,0.21568627450980393
17272,0.058823529411764705
13422,0.13725490196078433
16051,0.21568627450980393
20390,0.17647058823529413
13685,0.11764705882352941
24968,0.23529411764705882
10280,0.058823529411764705
1982,0.09803921568627451
15392,0.13725490196078433
20526,0.058823529411764705
4752,0.6666666666666666
594,0.0392156862745098
239,0.13725490196078433
5454,0.0784313725490196
317,0.0196078431372549
14141,0.1568627450980392
17054,0.0392156862745098
27527,0.5294117647058824
21560,0.13725490196078433
10630,0.09803921568627451
2924,0.1568627450980392
18263,0.1568627450980392
5348,0.058823529411764705
3113,0.3137254901960784
21072,0.19607843137254902
7041,0.0392156862745098
18516,0.6470588235294118
16114,0.1568627450980392
20577,0.09803921568627451
16783,0.19607843137254902
6742,0.6862745098039216
8301,0.11764705882352941
3880,0.0
1923,0.1568627450980392
19973,0.17647058823529413
7392,0.3137254901960784
20073,0.17647058823529413
29218,0.39215686274509803
865,0.7647058823529411
14207,0.058823529411764705
29788,0.1568627450980392
16746,0.11764705882352941
6311,0.11764705882352941
3422,0.0784313725490196
17451,0.0784313725490196
29658,0.3333333333333333
28156,0.6470588235294118
29993,0.17647058823529413
15506,0.0392156862745098
12040,0.17647058823529413
18997,0.19607843137254902
21429,0.09803921568627451
27377,0.23529411764705882
10218,0.17647058823529413
22425,0.5294117647058824
29160,0.0392156862745098
22418,0.5882352941176471
14246,0.0392156862745098
18160,0.19607843137254902
18041,0.0784313725490196
27910,0.0784313725490196
18523,0.21568627450980393
2554,0.13725490196078433
17922,0.17647058823529413
27520,0.0784313725490196
24842,0.7254901960784313
22833,0.058823529411764705
12835,0.0196078431372549
16929,0.3333333333333333
26033,0.0392156862745098
28029,0.058823529411764705
11373,0.0392156862745098
22064,0.11764705882352941
3850,0.11764705882352941
16702,0.058823529411764705
29592,0.0784313725490196
9787,0.13725490196078433
18559,0.0784313725490196
260,0.11764705882352941
5094,0.0784313725490196
4134,0.35294117647058826
14548,0.19607843137254902
28423,0.27450980392156865
26254,0.0196078431372549
29407,0.17647058823529413
13772,0.5882352941176471
1034,0.7450980392156863
20543,0.0392156862745098
19428,0.058823529411764705
14885,0.0196078431372549
26688,0.23529411764705882
5581,0.19607843137254902
7503,0.29411764705882354
24973,0.23529411764705882
28706,0.7058823529411765
27559,0.0196078431372549
16710,0.09803921568627451
13580,0.0196078431372549
20799,0.09803921568627451
709,0.6862745098039216
7208,0.0392156862745098
22585,0.1568627450980392
27265,0.37254901960784315
21351,0.0392156862745098
17941,0.2549019607843137
23079,0.35294117647058826
3526,0.11764705882352941
14627,0.0784313725490196
28594,0.0784313725490196
12809,0.1568627450980392
17866,0.0784313725490196
18690,0.058823529411764705
21943,0.09803921568627451
9732,0.7254901960784313
28564,0.0
27960,0.0392156862745098
1704,0.17647058823529413
12801,0.5490196078431373
16312,0.09803921568627451
21069,0.6666666666666666
6808,0.29411764705882354
17499,0.3137254901960784
24780,0.11764705882352941
11751,0.19607843137254902
6542,0.6666666666666666
9864,0.17647058823529413
15135,0.17647058823529413
16622,0.11764705882352941
17820,0.21568627450980393
5297,0.7647058823529411
16796,0.21568627450980393
11405,0.19607843137254902
10206,0.09803921568627451
28471,0.0392156862745098
52,0.43137254901960786
95,0.09803921568627451
8077,0.3333333333333333
15938,0.09803921568627451
25931,0.3137254901960784
8033,0.17647058823529413
4790,0.11764705882352941
19706,0.0784313725490196
17687,0.17647058823529413
15148,0.6666666666666666
3183,0.0196078431372549
22967,0.058823529411764705
9042,0.803921568627451
597,0.0784313725490196
9097,0.0196078431372549
2686,0.6666666666666666
966,0.0392156862745098
17079,0.17647058823529413
24820,0.19607843137254902
25205,0.6470588235294118
8371,0.0784313725490196
10179,0.11764705882352941
21182,0.0196078431372549
16298,0.19607843137254902
403,0.058823529411764705
6367,0.21568627450980393
26718,0.058823529411764705
26855,0.803921568627451
22339,0.09803921568627451
11182,0.5882352941176471
11168,0.0196078431372549
21792,0.4117647058823529
15739,0.23529411764705882
2473,0.2549019607843137
20572,0.11764705882352941
11001,0.1568627450980392
23515,0.27450980392156865
13682,0.35294117647058826
24652,0.09803921568627451
11277,0.803921568627451
28087,0.6470588235294118
751,0.058823529411764705
12829,0.35294117647058826
26936,0.1568627450980392
13916,0.19607843137254902
10329,0.0392156862745098
19055,0.0392156862745098
15768,0.47058823529411764
25034,0.09803921568627451
15914,0.09803921568627451
8574,0.0196078431372549
27911,0.13725490196078433
10098,0.058823529411764705
15313,0.0
24056,0.058823529411764705
10528,0.0196078431372549
12962,0.6862745098039216
19918,0.6666666666666666
2146,0.4117647058823529
12228,0.17647058823529413
20549,0.11764705882352941
22653,0.1568627450980392
27164,0.0392156862745098
18996,0.1568627450980392
7085,0.27450980392156865
9602,0.058823529411764705
25402,0.19607843137254902
27437,0.0392156862745098
3399,0.0392156862745098
19253,0.058823529411764705
25189,0.0
5225,0.09803921568627451
15124,0.17647058823529413
12668,0.13725490196078433
19020,0.3333333333333333
6375,0.6666666666666666
8174,0.0392156862745098
20519,0.4117647058823529
6201,0.11764705882352941
27244,0.3137254901960784
6955,0.17647058823529413
18138,0.6862745098039216
28655,0.29411764705882354
13480,0.0784313725490196
16409,0.29411764705882354
6590,0.49019607843137253
4421,0.7254901960784313
5337,0.29411764705882354
20863,0.17647058823529413
15089,0.0196078431372549
1885,0.1568627450980392
5044,0.11764705882352941
15027,0.0784313725490196
11126,0.1568627450980392
18535,0.1568627450980392
1844,0.11764705882352941
24452,0.29411764705882354
1877,0.0784313725490196
104,0.19607843137254902
26031,0.058823529411764705
10277,0.5490196078431373
5239,0.3333333333333333
19391,0.17647058823529413
29663,0.0392156862745098
26057,0.29411764705882354
22700,0.09803921568627451
21168,0.11764705882352941
4731,0.11764705882352941
28569,0.17647058823529413
14181,0.13725490196078433
28131,0.058823529411764705
9070,0.21568627450980393
22355,0.3137254901960784
26267,0.19607843137254902
22501,0.23529411764705882
25546,0.3137254901960784
14163,0.09803921568627451
27921,0.17647058823529413
26591,0.21568627450980393
12394,0.09803921568627451
9852,0.0784313725490196
1136,0.13725490196078433
29689,0.13725490196078433
9715,0.7058823529411765
2591,0.4117647058823529
27021,0.13725490196078433
6803,0.3333333333333333
10683,0.09803921568627451
25158,0.1568627450980392
19208,0.7843137254901961
21511,0.17647058823529413
18776,0.37254901960784315
10232,0.21568627450980393
29021,0.7647058823529411
3153,0.0784313725490196
9169,0.1568627450980392
8902,0.11764705882352941
27442,0.21568627450980393
25951,0.6274509803921569
22773,0.23529411764705882
16546,0.09803921568627451
17364,0.21568627450980393
24550,0.058823529411764705
11554,0.17647058823529413
23101,0.13725490196078433
16941,0.09803921568627451
17195,0.09803921568627451
15555,0.35294117647058826
29099,0.17647058823529413
7558,0.49019607843137253
12991,0.39215686274509803
7967,0.11764705882352941
1087,0.09803921568627451
23873,0.17647058823529413
6940,0.09803921568627451
2288,0.1568627450980392
7952,0.39215686274509803
8514,0.27450980392156865
23687,0.3137254901960784
11897,0.11764705882352941
16179,0.3137254901960784
6509,0.1568627450980392
1821,0.7843137254901961
19959,0.6274509803921569
2631,0.0392156862745098
18030,0.17647058823529413
3898,0.058823529411764705
19281,0.21568627450980393
634,0.17647058823529413
9333,0.0196078431372549
6338,0.3333333333333333
15068,0.0784313725490196
8390,0.17647058823529413
1722,0.5882352941176471
10749,0.19607843137254902
9236,0.09803921568627451
7534,0.09803921568627451
446,0.058823529411764705
16462,0.0
26986,0.29411764705882354
2234,0.11764705882352941
15904,0.0784313725490196
28074,0.09803921568627451
1253,0.39215686274509803
4005,0.3137254901960784
20354,0.17647058823529413
5651,0.35294117647058826
14483,0.058823529411764705
732,0.3137254901960784
21058,0.0784313725490196
20807,0.23529411764705882
2336,0.1568627450980392
23105,0.13725490196078433
21229,0.09803921568627451
8527,0.09803921568627451
29059,0.23529411764705882
23829,0.11764705882352941
27795,0.6470588235294118
4794,0.19607843137254902
19324,0.058823529411764705
5841,0.29411764705882354
9329,0.0784313725490196
15434,0.09803921568627451
12929,0.0392156862745098
1777,0.3333333333333333
19109,0.2549019607843137
22462,0.058823529411764705
2306,0.17647058823529413
7355,0.058823529411764705
17035,0.19607843137254902
816,0.0196078431372549
3980,0.3137254901960784
15213,0.13725490196078433
21993,0.1568627450980392
7395,0.058823529411764705
6630,0.17647058823529413
26014,0.7647058823529411
2485,0.19607843137254902
18607,0.17647058823529413
25749,0.17647058823529413
14695,0.09803921568627451
8819,0.6666666666666666
22371,0.6078431372549019
17951,0.37254901960784315
15194,0.17647058823529413
4664,0.11764705882352941
5036,0.1568627450980392
17270,0.058823529411764705
26931,0.17647058823529413
22954,0.19607843137254902
13675,0.17647058823529413
17093,0.11764705882352941
16345,0.09803921568627451
4565,0.23529411764705882
13927,0.1568627450980392
20302,0.1568627450980392
22991,0.21568627450980393
22818,0.19607843137254902
9865,0.47058823529411764
9909,0.27450980392156865
25304,0.17647058823529413
2466,0.058823529411764705
13837,0.1568627450980392
1795,0.17647058823529413
10166,0.09803921568627451
29332,0.19607843137254902
7884,0.17647058823529413
24095,0.2549019607843137
28675,0.1568627450980392
12215,0.21568627450980393
12457,0.1568627450980392
8024,0.21568627450980393
7319,0.09803921568627451
1601,0.0392156862745098
1257,0.19607843137254902
26596,0.13725490196078433
429,0.1568627450980392
18173,0.21568627450980393
25296,0.21568627450980393
923,0.11764705882352941
7746,0.0784313725490196
4887,0.37254901960784315
29398,0.1568627450980392
27230,0.7843137254901961
16737,0.5882352941176471
10801,0.17647058823529413
10870,0.29411764705882354
27270,0.3333333333333333
6645,0.23529411764705882
25254,0.7843137254901961
15076,0.13725490196078433
23365,0.0784313725490196
611,0.0784313725490196
23067,0.058823529411764705
15575,0.0
6736,0.11764705882352941
8072,0.0196078431372549
27579,0.19607843137254902
29549,0.43137254901960786
23158,0.058823529411764705
5185,0.11764705882352941
11753,0.13725490196078433
5083,0.6470588235294118
13079,0.0392156862745098
7552,0.6274509803921569
12107,0.17647058823529413
23643,0.1568627450980392
18717,0.47058823529411764
13165,0.13725490196078433
11571,0.09803921568627451
13743,0.0784313725490196
11374,0.058823529411764705
5019,0.058823529411764705
12930,0.19607843137254902
15568,0.6274509803921569
19486,0.17647058823529413
19582,0.11764705882352941
19273,0.0196078431372549
27295,0.27450980392156865
11442,0.7450980392156863
3351,0.0784313725490196
11395,0.17647058823529413
24404,0.23529411764705882
499,0.09803921568627451
3057,0.21568627450980393
19592,0.1568627450980392
22928,0.1568627450980392
66,0.13725490196078433
5491,0.7058823529411765
25237,0.11764705882352941
4490,0.058823529411764705
2814,0.3333333333333333
13803,0.27450980392156865
10341,0.37254901960784315
2990,0.27450980392156865
16405,0.35294117647058826
16510,0.058823529411764705
4635,0.19607843137254902
8833,0.5882352941176471
12297,0.17647058823529413
1309,0.058823529411764705
26782,0.3137254901960784
3735,0.23529411764705882
14082,0.0392156862745098
19777,0.45098039215686275
13782,0.0784313725490196
3817,0.27450980392156865
25458,0.0196078431372549
25998,0.09803921568627451
26150,0.8235294117647058
13762,0.058823529411764705
21254,0.09803921568627451
5804,0.2549019607843137
11701,0.0196078431372549
8442,0.13725490196078433
22465,0.0784313725490196
9642,0.058823529411764705
22467,0.11764705882352941
28968,0.0392156862745098
10727,0.6666666666666666
11715,0.21568627450980393
280,0.2549019607843137
17164,0.17647058823529413
11914,0.1568627450980392
4886,0.2549019607843137
4753,0.0392156862745098
13487,0.13725490196078433
2548,0.43137254901960786
23156,0.09803921568627451
17262,0.0392156862745098
29002,0.09803921568627451
29967,0.09803921568627451
11256,0.0784313725490196
28168,0.13725490196078433
9760,0.0784313725490196
3368,0.2549019607843137
26807,0.23529411764705882
29939,0.6274509803921569
22806,0.1568627450980392
26608,0.13725490196078433
12969,0.1568627450980392
24562,0.19607843137254902
29311,0.43137254901960786
29270,0.19607843137254902
5192,0.21568627450980393
1521,0.0392156862745098
14366,0.1568627450980392
17207,0.11764705882352941
21630,0.23529411764705882
4234,0.09803921568627451
16440,0.47058823529411764
10413,0.0196078431372549
1593,0.0392156862745098
3419,0.09803921568627451
18329,0.058823529411764705
6699,0.2549019607843137
11429,0.17647058823529413
29651,0.7058823529411765
8074,0.17647058823529413
1789,0.27450980392156865
11125,0.09803921568627451
7440,0.2549019607843137
8047,0.0784313725490196
21848,0.1568627450980392
6022,0.0784313725490196
24677,0.0196078431372549
23798,0.058823529411764705
5740,0.0392156862745098
1809,0.0392156862745098
16597,0.29411764705882354
16605,0.09803921568627451
10156,0.29411764705882354
27224,0.1568627450980392
7806,0.058823529411764705
15102,0.0392156862745098
18184,0.1568627450980392
25200,0.2549019607843137
2160,0.1568627450980392
20665,0.11764705882352941
3007,0.13725490196078433
10640,0.058823529411764705
21198,0.1568627450980392
23414,0.0784313725490196
29943,0.0784313725490196
6214,0.0392156862745098
5600,0.1568627450980392
23992,0.1568627450980392
4845,0.39215686274509803
27458,0.7647058823529411
17923,0.23529411764705882
29150,0.8235294117647058
276,0.058823529411764705
24805,0.058823529411764705
4869,0.1568627450980392
22669,0.2549019607843137
19389,0.17647058823529413
16272,0.21568627450980393
28921,0.09803921568627451
11823,0.19607843137254902
5827,0.09803921568627451
21586,0.17647058823529413
6784,0.2549019607843137
4740,0.17647058823529413
29346,0.3333333333333333
25476,0.29411764705882354
17969,0.2549019607843137
2304,0.0
23467,0.0392156862745098
22308,0.7843137254901961
632,0.058823529411764705
26105,0.058823529411764705
2630,0.13725490196078433
18943,0.23529411764705882
15628,0.058823529411764705
1561,0.17647058823529413
894,0.37254901960784315
29572,0.3137254901960784
1995,0.0784313725490196
19262,0.27450980392156865
559,0.19607843137254902
29148,0.19607843137254902
27899,0.21568627450980393
13945,0.13725490196078433
13397,0.13725490196078433
9375,0.058823529411764705
14413,0.0784313725490196
9323,0.6862745098039216
20485,0.11764705882352941
4186,0.1568627450980392
5928,0.1568627450980392
1519,0.7843137254901961
6953,0.3333333333333333
2858,0.058823529411764705
12133,0.13725490196078433
29557,0.11764705882352941
21441,0.17647058823529413
25802,0.7843137254901961
17914,0.1568627450980392
7369,0.23529411764705882
24900,0.0392156862745098
16760,0.11764705882352941
11415,0.13725490196078433
7111,0.0784313725490196
20896,0.2549019607843137
11363,0.09803921568627451
29285,0.0392156862745098
23267,0.13725490196078433
13666,0.0784313725490196
14330,0.5098039215686274
14423,0.1568627450980392
98,0.17647058823529413
10120,0.5294117647058824
6409,0.5294117647058824
5890,0.0784313725490196
2639,0.09803921568627451
28090,0.13725490196078433
18645,0.058823529411764705
9964,0.0784313725490196
2356,0.1568627450980392
11105,0.7254901960784313
12291,0.0784313725490196
12520,0.058823529411764705
17313,0.11764705882352941
25084,0.0784313725490196
1680,0.058823529411764705
7398,0.0784313725490196
11170,0.5686274509803921
22287,0.0392156862745098
9785,0.0196078431372549
16691,0.09803921568627451
6308,0.13725490196078433
18436,0.09803921568627451
4820,0.058823529411764705
3869,0.058823529411764705
299,0.3137254901960784
20608,0.0784313725490196
22086,0.0784313725490196
21095,0.058823529411764705
1632,0.09803921568627451
7216,0.09803921568627451
19033,0.09803921568627451
5938,0.23529411764705882
15847,0.21568627450980393
23460,0.19607843137254902
22877,0.23529411764705882
24015,0.8235294117647058
12793,0.0784313725490196
2194,0.0392156862745098
601,0.09803921568627451
3818,0.21568627450980393
24678,0.13725490196078433
12218,0.17647058823529413
22864,0.3333333333333333
11587,0.17647058823529413
17714,0.0196078431372549
10586,0.39215686274509803
1700,0.17647058823529413
13619,0.29411764705882354
15395,0.11764705882352941
3667,0.17647058823529413
20037,0.09803921568627451
18386,0.0392156862745098
22540,0.2549019607843137
10465,0.09803921568627451
21703,0.19607843137254902
25804,0.058823529411764705
21074,0.0392156862745098
29571,0.45098039215686275
17620,0.37254901960784315
25259,0.1568627450980392
22372,0.1568627450980392
13899,0.4117647058823529
1191,0.29411764705882354
16010,0.7843137254901961
24786,0.1568627450980392
13754,0.21568627450980393
5553,0.23529411764705882
26328,0.23529411764705882
12861,0.21568627450980393
21480,0.13725490196078433
24211,0.13725490196078433
24559,0.11764705882352941
26361,0.5686274509803921
19503,0.0196078431372549
5014,0.21568627450980393
5589,0.1568627450980392
2988,0.11764705882352941
26754,0.1568627450980392
1061,0.23529411764705882
10223,0.058823529411764705
1201,0.09803921568627451
25851,0.5490196078431373
2703,0.8235294117647058
18896,0.5490196078431373
2015,0.5294117647058824
10859,0.19607843137254902
22039,0.0392156862745098
21096,0.5686274509803921
21598,0.3333333333333333
22731,0.0
15407,0.19607843137254902
22227,0.0
16136,0.6666666666666666
22320,0.13725490196078433
15093,0.09803921568627451
17205,0.0196078431372549
197,0.21568627450980393
18056,0.09803921568627451
1,0.27450980392156865
9534,0.0784313725490196
7265,0.09803921568627451
28698,0.23529411764705882
3317,0.43137254901960786
14854,0.13725490196078433
21481,0.1568627450980392
17904,0.09803921568627451
6975,0.11764705882352941
17167,0.0784313725490196
26799,0.19607843137254902
22143,0.11764705882352941
17849,0.0784313725490196
2076,0.0
6679,0.19607843137254902
26282,0.0784313725490196
9704,0.3137254901960784
28127,0.3333333333333333
20070,0.09803921568627451
6582,0.0392156862745098
3265,0.1568627450980392
21637,0.0784313725490196
2004,0.6666666666666666
20777,0.0784313725490196
27593,0.13725490196078433
5574,0.8235294117647058
6095,0.0784313725490196
1702,0.4117647058823529
1324,0.21568627450980393
8086,0.19607843137254902
9310,0.23529411764705882
23695,0.09803921568627451
28251,0.37254901960784315
10267,0.23529411764705882
10871,0.19607843137254902
11769,0.09803921568627451
9176,0.09803921568627451
6769,0.29411764705882354
19950,0.4117647058823529
18603,0.17647058823529413
6055,0.19607843137254902
28862,0.058823529411764705
17972,0.23529411764705882
10463,0.13725490196078433
15065,0.0196078431372549
16651,0.7843137254901961
6145,0.09803921568627451
10479,0.11764705882352941
11196,0.09803921568627451
9053,0.11764705882352941
19183,0.058823529411764705
12559,0.19607843137254902
22359,0.13725490196078433
14800,0.0392156862745098
8286,0.5882352941176471
27352,0.1568627450980392
397,0.7450980392156863
6791,0.0
28170,0.27450980392156865
7109,0.058823529411764705
15026,0.0784313725490196
3870,0.09803921568627451
29841,0.6274509803921569
25060,0.058823529411764705
8405,0.0392156862745098
3256,0.49019607843137253
17337,0.7058823529411765
16000,0.058823529411764705
20757,0.29411764705882354
27247,0.27450980392156865
14570,0.0784313725490196
9657,0.27450980392156865
5687,0.17647058823529413
20970,0.3137254901960784
25954,0.1568627450980392
10225,0.0392156862745098
8916,0.23529411764705882
29182,0.17647058823529413
16077,0.0392156862745098
24330,0.0784313725490196
23861,0.09803921568627451
1103,0.6666666666666666
19894,0.11764705882352941
19872,0.45098039215686275
17906,0.6470588235294118
5471,0.11764705882352941
21949,0.11764705882352941
16809,0.11764705882352941
21766,0.2549019607843137
14862,0.058823529411764705
26543,0.27450980392156865
2970,0.09803921568627451
7731,0.058823529411764705
12356,0.13725490196078433
11553,0.058823529411764705
22107,0.0392156862745098
15958,0.7843137254901961
22858,0.13725490196078433
29268,0.0784313725490196
334,0.2549019607843137
20716,0.17647058823529413
17028,0.47058823529411764
6242,0.0784313725490196
17841,0.11764705882352941
26670,0.0392156862745098
2782,0.1568627450980392
26265,0.21568627450980393
27661,0.19607843137254902
13733,0.13725490196078433
10031,0.0392156862745098
25048,0.1568627450980392
10829,0.2549019607843137
24822,0.09803921568627451
15689,0.058823529411764705
24007,0.2549019607843137
16943,0.37254901960784315
21127,0.09803921568627451
26929,0.2549019607843137
10335,0.1568627450980392
23890,0.0784313725490196
2477,0.13725490196078433
113,0.1568627450980392
416,0.11764705882352941
2490,0.17647058823529413
21154,0.0196078431372549
28932,0.058823529411764705
18393,0.09803921568627451
11334,0.0
2831,0.13725490196078433
12905,0.17647058823529413
3995,0.39215686274509803
25540,0.09803921568627451
22474,0.058823529411764705
3554,0.0784313725490196
